03-13-2020 ,12:19:22 ,       9524.69, 250  ,             10  , 32  , 111  , 22.9085 ,- 25.7655 ,- 58.1063 ,- 48.6280 ,- 41.3260 ,- 65.0104 ,- 68.2850 ,- 69.8894 ,- 70.2050 ,- 69.7809 ,- 68.4033 ,- 63.4784 ,- 59.3820 ,- 51.4422 ,- 45.1167 ,- 49.8214 ,- 88.4088 ,- 86.3179 ,- 81.2253 ,- 78.8417 ,- 77.7239 ,- 71.6713 ,- 79.7589 ,- 78.4110 ,- 75.2450 ,- 68.9228 ,- 68.7157 ,- 57.8269 ,- 48.7825 ,- 41.2636 ,- 36.9863 , 20.1436 ,
03-13-2020 ,12:19:23 ,       9525.179, 250  ,            10  , 32  , 111  , 20.9293 ,- 26.7156 ,- 57.7940 ,- 47.5693 ,- 40.3365 ,- 63.6329 ,- 66.6083 ,- 68.2981 ,- 68.5611 ,- 67.9825 ,- 66.7003 ,- 61.8970 ,- 58.4877 ,- 51.3436 ,- 44.1666 ,- 49.6274 ,- 86.8373 ,- 84.7957 ,- 80.2521 ,- 77.5233 ,- 76.4943 ,- 70.5896 ,- 78.3683 ,- 76.7672 ,- 74.3737 ,- 67.1178 ,- 67.1211 ,- 55.0915 ,- 47.2373 ,- 39.6756 ,- 36.5885 , 20.0482 ,
03-13-2020 ,12:19:23 ,       9525.692, 250  ,            10  , 32  , 111  , 20.2389 ,- 21.1134 ,- 52.0504 ,- 45.0674 ,- 39.6428 ,- 63.0411 ,- 66.6083 ,- 68.9951 ,- 68.8504 ,- 68.8833 ,- 67.4006 ,- 62.6894 ,- 58.7869 ,- 51.6395 ,- 45.0214 ,- 54.8055 ,- 91.7425 ,- 88.2181 ,- 82.4943 ,- 79.3644 ,- 78.1940 ,- 71.7699 ,- 79.5617 ,- 78.5063 ,- 75.7283 ,- 69.0181 ,- 69.0904 ,- 57.7282 ,- 48.4176 ,- 40.5699 ,- 36.6871 , 22.9184 ,
03-13-2020 ,12:19:24 ,       9526.174, 250  ,            10  , 32  , 111  , 19.7425 ,- 25.9562 ,- 56.1239 ,- 47.4740 ,- 40.5370 ,- 64.0274 ,- 67.0028 ,- 68.8932 ,- 69.4291 ,- 68.7814 ,- 67.6011 ,- 63.0839 ,- 59.3820 ,- 52.0340 ,- 43.8806 ,- 50.5052 ,- 87.4258 ,- 85.8444 ,- 81.2253 ,- 78.8417 ,- 78.4800 ,- 72.6510 ,- 80.5546 ,- 78.8943 ,- 76.7935 ,- 69.3009 ,- 69.1858 ,- 58.0241 ,- 48.6904 ,- 40.7671 ,- 37.4795 , 22.3463 ,
03-13-2020 ,12:19:24 ,       9526.704, 250  ,            10  , 32  , 111  , 21.5244 ,- 26.3375 ,- 56.8537 ,- 46.9907 ,- 40.1392 ,- 63.0411 ,- 66.1118 ,- 67.6011 ,- 67.8806 ,- 67.2855 ,- 65.6943 ,- 61.3085 ,- 57.6921 ,- 49.8608 ,- 42.9304 ,- 47.5759 ,- 84.7792 ,- 83.5595 ,- 79.1803 ,- 77.0861 ,- 76.3036 ,- 70.2970 ,- 78.1677 ,- 77.3491 ,- 74.2751 ,- 67.8773 ,- 67.8707 ,- 57.3403 ,- 47.9639 ,- 40.6685 ,- 36.6871 , 21.1956 ,
03-13-2020 ,12:19:25 ,       9527.166, 250  ,            10  , 32  , 111  , 23.3030 ,- 26.8110 ,- 59.2537 ,- 49.3019 ,- 41.3260 ,- 64.7178 ,- 67.3973 ,- 69.1924 ,- 69.3337 ,- 68.9820 ,- 67.6011 ,- 62.9852 ,- 58.8855 ,- 51.2450 ,- 43.8806 ,- 47.9639 ,- 86.7387 ,- 85.5584 ,- 80.9326 ,- 78.4899 ,- 77.8192 ,- 72.2598 ,- 80.3573 ,- 78.3157 ,- 76.2148 ,- 68.8274 ,- 68.4329 ,- 57.7282 ,- 48.4176 ,- 40.5699 ,- 36.8877 , 20.5249 ,
03-13-2020 ,12:19:25 ,       9527.666, 250  ,            10  , 32  , 111  , 20.6334 ,- 29.2800 ,- 60.1940 ,- 49.3019 ,- 41.4280 ,- 64.7178 ,- 67.3973 ,- 69.2910 ,- 69.1398 ,- 68.3836 ,- 66.8976 ,- 62.2948 ,- 58.5896 ,- 51.2450 ,- 43.8806 ,- 45.3271 ,- 83.7962 ,- 83.1814 ,- 79.5683 ,- 77.5233 ,- 77.4379 ,- 71.3754 ,- 79.1639 ,- 78.3157 ,- 75.2450 ,- 68.5414 ,- 68.9984 ,- 57.8269 ,- 48.5096 ,- 40.9644 ,- 37.1836 , 20.7189 ,
03-13-2020 ,12:19:26 ,       9528.157, 250  ,            10  , 32  , 111  , 19.6438 ,- 27.2844 ,- 58.5239 ,- 48.6280 ,- 41.3260 ,- 64.9118 ,- 67.2987 ,- 69.6888 ,- 70.0110 ,- 69.2811 ,- 67.8017 ,- 63.2811 ,- 59.4806 ,- 51.8367 ,- 45.4948 ,- 50.2126 ,- 87.7217 ,- 85.8444 ,- 80.9326 ,- 78.7529 ,- 78.2894 ,- 72.1611 ,- 79.9595 ,- 78.7990 ,- 76.3102 ,- 69.1135 ,- 68.9031 ,- 57.1430 ,- 48.8713 ,- 40.9644 ,- 38.5710 , 20.5249 ,
03-13-2020 ,12:19:26 ,       9528.652, 250  ,            10  , 32  , 111  , 21.4258 ,- 27.3797 ,- 58.9414 ,- 48.8219 ,- 41.3260 ,- 64.9118 ,- 67.6932 ,- 69.3896 ,- 69.7217 ,- 68.9820 ,- 67.4006 ,- 62.8866 ,- 58.7869 ,- 52.5304 ,- 43.6899 ,- 49.0389 ,- 87.1332 ,- 85.2724 ,- 81.0313 ,- 78.5754 ,- 78.3847 ,- 72.1611 ,- 80.2587 ,- 78.7003 ,- 76.2148 ,- 69.1135 ,- 69.9387 ,- 59.1978 ,- 49.0554 ,- 41.6614 ,- 37.2822 , 22.0570 ,
03-13-2020 ,12:19:27 ,       9529.561, 250  ,            10  , 32  , 111  , 22.1162 ,- 24.7233 ,- 56.6466 ,- 47.6647 ,- 40.7343 ,- 64.0274 ,- 67.3973 ,- 69.4915 ,- 69.7217 ,- 69.6789 ,- 68.4033 ,- 63.6757 ,- 59.8817 ,- 52.4318 ,- 45.4948 ,- 52.1655 ,- 90.7628 ,- 88.5042 ,- 82.9809 ,- 80.5052 ,- 79.8017 ,- 73.5354 ,- 81.7480 ,- 80.4428 ,- 77.7633 ,- 70.6324 ,- 69.7480 ,- 57.9255 ,- 49.6011 ,- 41.1650 ,- 37.7787 , 21.1956 ,
03-13-2020 ,12:19:27 ,       9529.69, 250  ,             10  , 32  , 111  , 19.9430 ,- 27.7578 ,- 59.7765 ,- 49.3973 ,- 41.8225 ,- 66.2926 ,- 68.5809 ,- 70.3858 ,- 70.3989 ,- 70.1787 ,- 68.6039 ,- 63.8729 ,- 59.9803 ,- 52.5304 ,- 45.3041 ,- 53.0466 ,- 91.1573 ,- 88.5995 ,- 83.3688 ,- 80.7683 ,- 79.6143 ,- 73.6340 ,- 81.7480 ,- 80.2488 ,- 77.2800 ,- 70.3463 ,- 71.2537 ,- 59.0006 ,- 49.7819 ,- 42.4537 ,- 37.9759 , 21.0049 ,
03-13-2020 ,12:19:28 ,       9530.173, 250  ,            10  , 32  , 111  , 21.0280 ,- 24.9107 ,- 57.1661 ,- 47.9540 ,- 41.1288 ,- 64.9118 ,- 68.2850 ,- 70.0866 ,- 70.3003 ,- 69.8795 ,- 68.1009 ,- 63.4784 ,- 59.9803 ,- 52.7277 ,- 45.0214 ,- 55.4893 ,- 93.3140 ,- 90.1184 ,- 84.2466 ,- 81.2055 ,- 80.5579 ,- 73.7326 ,- 81.5507 ,- 80.6368 ,- 77.5694 ,- 70.6324 ,- 70.4055 ,- 59.0959 ,- 50.0548 ,- 41.6614 ,- 38.3737 , 21.1003 ,
03-13-2020 ,12:19:29 ,       9531.229, 250  ,            10  , 32  , 111  , 19.5452 ,- 25.1014 ,- 57.4817 ,- 48.6280 ,- 42.7134 ,- 67.4762 ,- 70.5567 ,- 72.5754 ,- 72.6247 ,- 72.1743 ,- 71.0105 ,- 66.1480 ,- 61.6669 ,- 53.9146 ,- 47.2998 ,- 56.6598 ,- 94.3957 ,- 91.1672 ,- 85.3184 ,- 81.9091 ,- 80.4658 ,- 73.9266 ,- 82.2444 ,- 79.9595 ,- 77.3754 ,- 69.9683 ,- 70.4055 ,- 59.6844 ,- 49.8740 ,- 42.3551 ,- 38.4724 , 21.6756 ,
03-13-2020 ,12:19:29 ,       9531.525, 250  ,            10  , 32  , 111  , 21.4258 ,- 26.8110 ,- 58.3167 ,- 48.4340 ,- 41.2274 ,- 64.6192 ,- 67.5946 ,- 69.5902 ,- 69.7217 ,- 69.1792 ,- 67.6998 ,- 63.0839 ,- 59.5825 ,- 52.7277 ,- 45.3041 ,- 51.8729 ,- 90.7628 ,- 88.2181 ,- 83.1748 ,- 80.5052 ,- 79.5189 ,- 73.1441 ,- 80.7551 ,- 79.7655 ,- 76.7935 ,- 70.1557 ,- 69.4685 ,- 58.5140 ,- 49.1474 ,- 41.6614 ,- 37.8773 , 21.6756 ,
03-13-2020 ,12:19:29 ,       9531.666, 250  ,            10  , 32  , 111  , 20.5348 ,- 25.2921 ,- 56.7485 ,- 47.9540 ,- 40.9315 ,- 65.0104 ,- 67.8904 ,- 69.7907 ,- 69.9157 ,- 69.5803 ,- 68.2028 ,- 63.0839 ,- 59.6811 ,- 51.6395 ,- 43.9759 ,- 52.8493 ,- 89.6844 ,- 86.9853 ,- 81.6165 ,- 79.0159 ,- 78.1020 ,- 72.0625 ,- 80.3573 ,- 78.3157 ,- 76.0209 ,- 68.9228 ,- 69.3732 ,- 57.6329 ,- 48.5096 ,- 40.7671 ,- 37.4795 , 22.3463 ,
03-13-2020 ,12:19:30 ,       9532.413, 250  ,            10  , 32  , 111  , 21.9189 ,- 26.8110 ,- 58.4187 ,- 48.4340 ,- 41.0302 ,- 64.4220 ,- 67.4959 ,- 69.0937 ,- 69.2384 ,- 68.7814 ,- 67.0981 ,- 62.4921 ,- 59.0828 ,- 50.9491 ,- 43.8806 ,- 48.8450 ,- 88.0143 ,- 86.6039 ,- 81.9091 ,- 79.9792 ,- 79.8017 ,- 73.3381 ,- 81.6494 ,- 80.6368 ,- 77.6680 ,- 71.0137 ,- 70.5962 ,- 60.9535 ,- 50.2356 ,- 42.3551 ,- 37.5814 , 21.2910 ,
03-13-2020 ,12:19:30 ,       9532.719, 250  ,            10  , 32  , 111  , 21.9189 ,- 28.4252 ,- 59.3589 ,- 48.4340 ,- 40.4351 ,- 63.9288 ,- 66.5063 ,- 68.2981 ,- 68.8504 ,- 68.3836 ,- 66.8976 ,- 61.9989 ,- 58.3891 ,- 51.4422 ,- 43.2132 ,- 46.5008 ,- 85.2691 ,- 84.3222 ,- 80.3507 ,- 78.4899 ,- 78.1020 ,- 72.1611 ,- 80.8537 ,- 78.7990 ,- 76.6028 ,- 69.2055 ,- 69.5606 ,- 58.0241 ,- 48.2367 ,- 41.0663 ,- 37.0850 , 22.1556 ,
03-13-2020 ,12:19:31 ,       9533.193, 250  ,            10  , 32  , 111  , 20.7321 ,- 23.9606 ,- 55.2888 ,- 46.8954 ,- 40.4351 ,- 63.9288 ,- 67.4959 ,- 69.1924 ,- 69.4291 ,- 68.8833 ,- 67.6998 ,- 62.6894 ,- 59.0828 ,- 52.1326 ,- 44.7354 ,- 55.1935 ,- 92.8242 ,- 89.3590 ,- 83.7600 ,- 80.5940 ,- 79.8017 ,- 72.9469 ,- 80.4559 ,- 79.6669 ,- 76.6981 ,- 70.2510 ,- 69.7480 ,- 58.5140 ,- 48.8713 ,- 40.7671 ,- 37.5814 , 21.0049 ,
03-13-2020 ,12:19:31 ,       9533.697, 250  ,            10  , 32  , 111  , 20.1403 ,- 24.8186 ,- 55.7063 ,- 46.9907 ,- 40.2378 ,- 64.1261 ,- 67.0028 ,- 69.0937 ,- 69.3337 ,- 69.1792 ,- 68.0022 ,- 62.9852 ,- 59.4806 ,- 52.2346 ,- 44.6400 ,- 53.2406 ,- 90.3716 ,- 87.3633 ,- 81.9091 ,- 79.1902 ,- 78.3847 ,- 72.2598 ,- 80.2587 ,- 78.2170 ,- 76.0209 ,- 68.5414 ,- 68.9031 ,- 57.8269 ,- 48.5096 ,- 41.2636 ,- 37.8773 , 20.3343 ,
03-13-2020 ,12:19:32 ,       9534.236, 250  ,            10  , 32  , 111  , 18.0625 ,- 27.1891 ,- 57.5836 ,- 47.7600 ,- 40.7343 ,- 63.9288 ,- 67.1014 ,- 68.4954 ,- 68.7518 ,- 68.2850 ,- 66.9995 ,- 62.4921 ,- 58.8855 ,- 50.8504 ,- 44.6400 ,- 54.5096 ,- 91.4499 ,- 88.5995 ,- 83.2735 ,- 80.4165 ,- 79.8017 ,- 73.0455 ,- 80.5546 ,- 79.4762 ,- 76.2148 ,- 69.3009 ,- 69.7480 ,- 59.2932 ,- 49.9661 ,- 41.9573 ,- 37.2822 , 21.5803 ,
03-13-2020 ,12:19:32 ,       9534.67, 250  ,             10  , 32  , 111  , 22.0175 ,- 25.0060 ,- 56.9589 ,- 48.1480 ,- 41.0302 ,- 65.0104 ,- 67.8904 ,- 70.0866 ,- 70.2050 ,- 69.6789 ,- 68.4033 ,- 63.3798 ,- 59.5825 ,- 53.0236 ,- 44.4493 ,- 51.7743 ,- 89.5858 ,- 86.6992 ,- 81.6165 ,- 78.9272 ,- 78.1940 ,- 72.2598 ,- 80.2587 ,- 78.2170 ,- 76.1162 ,- 68.6367 ,- 68.8110 ,- 57.6329 ,- 48.0559 ,- 40.5699 ,- 38.0745 , 21.5803 ,
03-13-2020 ,12:19:33 ,       9535.216, 250  ,            10  , 32  , 111  , 19.9430 ,- 26.4296 ,- 57.4817 ,- 48.1480 ,- 41.0302 ,- 64.4220 ,- 67.2000 ,- 68.8932 ,- 68.9458 ,- 68.5809 ,- 66.9995 ,- 62.1962 ,- 59.0828 ,- 51.0477 ,- 43.8806 ,- 54.3156 ,- 91.5485 ,- 88.3135 ,- 82.8822 ,- 80.0680 ,- 79.2362 ,- 72.5524 ,- 80.5546 ,- 79.0883 ,- 76.1162 ,- 69.3962 ,- 70.2181 ,- 58.3167 ,- 49.1474 ,- 41.9573 ,- 37.7787 , 23.2077 ,
03-13-2020 ,12:19:33 ,       9535.719, 250  ,            10  , 32  , 111  , 18.1611 ,- 18.9271 ,- 48.9206 ,- 42.6608 ,- 38.0614 ,- 61.0685 ,- 64.3365 ,- 66.7036 ,- 67.3020 ,- 66.7891 ,- 66.0987 ,- 61.6011 ,- 57.7907 ,- 50.8504 ,- 44.3540 ,- 57.9321 ,- 93.1200 ,- 88.6948 ,- 82.3957 ,- 78.5754 ,- 77.6285 ,- 71.1781 ,- 78.6674 ,- 77.0565 ,- 74.8570 ,- 67.1178 ,- 66.2762 ,- 55.4828 ,- 47.1452 ,- 39.0806 ,- 36.7858 , 21.3896 ,
03-13-2020 ,12:19:34 ,       9536.205, 250  ,            10  , 32  , 111  , 20.4362 ,- 24.0559 ,- 54.6609 ,- 46.1261 ,- 39.7447 ,- 63.1398 ,- 65.8159 ,- 67.6011 ,- 67.8806 ,- 67.6833 ,- 66.0987 ,- 61.4072 ,- 57.3962 ,- 50.5513 ,- 43.2132 ,- 52.1655 ,- 88.8000 ,- 85.8444 ,- 80.3507 ,- 77.8751 ,- 77.0598 ,- 70.4910 ,- 78.1677 ,- 76.8658 ,- 74.1798 ,- 67.9726 ,- 68.3409 ,- 56.9491 ,- 47.9639 ,- 40.2707 ,- 36.4899 , 21.4849 ,
03-13-2020 ,12:19:34 ,       9536.715, 250  ,            10  , 32  , 111  , 22.4121 ,- 25.5781 ,- 57.8959 ,- 48.3387 ,- 41.2274 ,- 64.6192 ,- 67.1014 ,- 68.9951 ,- 68.8504 ,- 68.1831 ,- 67.0981 ,- 62.5907 ,- 58.4877 ,- 51.0477 ,- 43.8806 ,- 51.0904 ,- 88.9973 ,- 86.1272 ,- 80.9326 ,- 78.2269 ,- 77.2505 ,- 71.2767 ,- 78.7661 ,- 76.9611 ,- 74.6631 ,- 67.4959 ,- 67.5913 ,- 55.6767 ,- 47.2373 ,- 40.0734 ,- 36.8877 , 21.1956 ,
03-13-2020 ,12:19:35 ,       9537.179, 250  ,            10  , 32  , 111  , 20.5348 ,- 26.2422 ,- 56.7485 ,- 47.0893 ,- 39.8433 ,- 62.7452 ,- 65.9178 ,- 67.4992 ,- 67.5913 ,- 67.3874 ,- 65.7962 ,- 61.2066 ,- 57.4948 ,- 50.3540 ,- 43.1211 ,- 50.0187 ,- 87.8203 ,- 85.9365 ,- 80.9326 ,- 78.2269 ,- 77.9113 ,- 71.3754 ,- 79.1639 ,- 77.9277 ,- 74.6631 ,- 67.7820 ,- 68.0581 ,- 57.8269 ,- 48.0559 ,- 40.9644 ,- 36.2926 , 20.8143 ,
03-13-2020 ,12:19:35 ,       9537.72, 250  ,             10  , 32  , 111  , 21.1266 ,- 26.5249 ,- 57.3765 ,- 46.7047 ,- 39.6428 ,- 62.6466 ,- 65.2241 ,- 67.0028 ,- 67.0094 ,- 66.4866 ,- 65.1946 ,- 60.9107 ,- 57.4948 ,- 49.2658 ,- 43.0258 ,- 48.6477 ,- 86.0548 ,- 84.0362 ,- 79.4729 ,- 76.9973 ,- 76.3989 ,- 70.3957 ,- 78.2696 ,- 76.7672 ,- 74.0844 ,- 67.3085 ,- 66.8384 ,- 56.0680 ,- 47.0532 ,- 39.3765 ,- 36.5885 , 21.3896 ,
03-13-2020 ,12:19:36 ,       9538.229, 250  ,            10  , 32  , 111  , 21.1266 ,- 23.0137 ,- 53.8258 ,- 45.8367 ,- 39.5441 ,- 62.5480 ,- 65.2241 ,- 67.4992 ,- 67.6866 ,- 67.2855 ,- 65.8948 ,- 61.3085 ,- 57.3962 ,- 50.4526 ,- 43.4039 ,- 54.4143 ,- 91.3513 ,- 87.4587 ,- 81.6165 ,- 78.1381 ,- 77.1551 ,- 70.6883 ,- 78.1677 ,- 76.6718 ,- 73.8872 ,- 67.2132 ,- 67.4006 ,- 55.4828 ,- 47.0532 ,- 39.7743 ,- 36.4899 , 20.8143 ,
03-13-2020 ,12:19:36 ,       9538.716, 250  ,            10  , 32  , 111  , 19.7425 ,- 26.2422 ,- 56.3310 ,- 46.7047 ,- 39.5441 ,- 62.5480 ,- 65.5200 ,- 67.1014 ,- 66.8154 ,- 66.7891 ,- 65.8948 ,- 61.4072 ,- 57.9913 ,- 49.8608 ,- 43.3085 ,- 48.8450 ,- 85.5617 ,- 84.1316 ,- 79.5683 ,- 77.0861 ,- 76.2115 ,- 70.1984 ,- 78.3683 ,- 77.0565 ,- 74.4691 ,- 67.4959 ,- 66.8384 ,- 56.7518 ,- 48.0559 ,- 40.2707 ,- 36.2926 , 20.1436 ,
03-13-2020 ,12:19:37 ,       9539.193, 250  ,            10  , 32  , 111  , 19.4466 ,- 24.3419 ,- 55.1836 ,- 46.8954 ,- 39.9419 ,- 63.5343 ,- 66.2104 ,- 68.1995 ,- 68.4625 ,- 68.2850 ,- 66.5984 ,- 61.5025 ,- 57.6921 ,- 50.5513 ,- 43.5945 ,- 52.8493 ,- 89.3885 ,- 87.1727 ,- 81.8105 ,- 79.3644 ,- 78.1940 ,- 72.1611 ,- 79.9595 ,- 78.2170 ,- 75.3436 ,- 68.6367 ,- 68.8110 ,- 58.8033 ,- 48.6904 ,- 41.1650 ,- 35.8948 , 21.5803 ,
03-13-2020 ,12:19:37 ,       9539.715, 250  ,            10  , 32  , 111  , 20.3375 ,- 28.4252 ,- 59.5693 ,- 49.0126 ,- 41.1288 ,- 64.3233 ,- 67.2000 ,- 68.6959 ,- 68.9458 ,- 68.4822 ,- 66.8976 ,- 62.5907 ,- 59.2833 ,- 51.4422 ,- 44.7354 ,- 48.9436 ,- 86.5447 ,- 84.9863 ,- 79.9595 ,- 78.0494 ,- 77.4379 ,- 71.1781 ,- 79.0652 ,- 77.7337 ,- 75.1463 ,- 68.3540 ,- 68.0581 ,- 57.0444 ,- 48.6904 ,- 40.6685 ,- 36.9863 , 21.1003 ,
03-13-2020 ,12:19:38 ,       9540.181, 250  ,            10  , 32  , 111  , 21.1266 ,- 28.6159 ,- 59.4641 ,- 48.9173 ,- 40.9315 ,- 64.0274 ,- 66.7069 ,- 68.7946 ,- 68.5611 ,- 68.0844 ,- 66.7989 ,- 61.9989 ,- 58.5896 ,- 49.6636 ,- 43.2132 ,- 47.7699 ,- 86.3474 ,- 84.7957 ,- 80.0581 ,- 77.7896 ,- 77.0598 ,- 71.2767 ,- 79.1639 ,- 77.8291 ,- 75.1463 ,- 67.8773 ,- 68.3409 ,- 56.9491 ,- 48.4176 ,- 40.6685 ,- 37.2822 , 20.7189 ,
03-13-2020 ,12:19:38 ,       9540.693, 250  ,            10  , 32  , 111  , 19.6438 ,- 27.2844 ,- 58.2115 ,- 48.3387 ,- 40.7343 ,- 63.7315 ,- 66.6083 ,- 68.1995 ,- 68.3639 ,- 67.8839 ,- 66.4965 ,- 61.9989 ,- 58.1885 ,- 50.0581 ,- 43.6899 ,- 49.2362 ,- 86.6433 ,- 85.1770 ,- 80.9326 ,- 78.7529 ,- 78.1020 ,- 71.7699 ,- 79.9595 ,- 78.7003 ,- 76.3102 ,- 69.2055 ,- 68.6236 ,- 58.0241 ,- 48.9633 ,- 41.0663 ,- 37.3808 , 20.9096 ,
03-13-2020 ,12:19:39 ,       9541.238, 250  ,            10  , 32  , 111  , 21.3271 ,- 26.9063 ,- 58.5239 ,- 48.3387 ,- 41.2274 ,- 64.8165 ,- 67.4959 ,- 69.2910 ,- 69.6231 ,- 69.2811 ,- 67.8017 ,- 62.5907 ,- 59.3820 ,- 53.0236 ,- 44.0680 ,- 49.7228 ,- 88.4088 ,- 86.3179 ,- 81.3239 ,- 79.1902 ,- 78.1940 ,- 72.3584 ,- 79.9595 ,- 78.7990 ,- 75.9222 ,- 68.8274 ,- 69.2811 ,- 58.6093 ,- 48.0559 ,- 40.8658 ,- 37.9759 , 20.5249 ,
03-13-2020 ,12:19:39 ,       9541.711, 250  ,            10  , 32  , 111  , 20.6334 ,- 28.8033 ,- 60.2992 ,- 49.3019 ,- 41.6252 ,- 64.9118 ,- 67.5946 ,- 69.3896 ,- 69.3337 ,- 68.7814 ,- 67.0981 ,- 62.5907 ,- 58.9841 ,- 50.0581 ,- 44.5447 ,- 49.5288 ,- 87.9190 ,- 85.9365 ,- 81.5179 ,- 79.0159 ,- 78.8581 ,- 72.3584 ,- 80.2587 ,- 79.0883 ,- 76.4055 ,- 69.5869 ,- 69.4685 ,- 58.3167 ,- 49.2362 ,- 41.3622 ,- 37.7787 , 21.1956 ,
03-13-2020 ,12:19:40 ,       9542.242, 250  ,            10  , 32  , 111  , 21.8203 ,- 30.9896 ,- 62.4921 ,- 50.6499 ,- 41.7239 ,- 65.3096 ,- 67.7918 ,- 68.9951 ,- 69.5277 ,- 68.6828 ,- 67.3020 ,- 62.4921 ,- 58.9841 ,- 51.1463 ,- 43.3085 ,- 45.9124 ,- 84.8746 ,- 84.1316 ,- 80.3507 ,- 78.4899 ,- 78.1020 ,- 72.0625 ,- 80.6565 ,- 78.7003 ,- 76.6981 ,- 69.2055 ,- 69.6559 ,- 58.6093 ,- 49.1474 ,- 41.5595 ,- 37.3808 , 21.1956 ,
03-13-2020 ,12:19:40 ,       9542.706, 250  ,            10  , 32  , 111  , 21.7217 ,- 27.2844 ,- 59.7765 ,- 49.3973 ,- 41.9211 ,- 64.8165 ,- 68.0877 ,- 69.7907 ,- 69.6231 ,- 69.3798 ,- 67.6998 ,- 62.5907 ,- 58.9841 ,- 52.5304 ,- 44.6400 ,- 48.7463 ,- 87.1332 ,- 86.0318 ,- 81.6165 ,- 79.1902 ,- 78.8581 ,- 72.3584 ,- 80.6565 ,- 79.6669 ,- 76.5042 ,- 70.0603 ,- 69.4685 ,- 59.7830 ,- 49.2362 ,- 41.6614 ,- 37.3808 , 20.7189 ,
03-13-2020 ,12:19:41 ,       9543.219, 250  ,            10  , 32  , 111  , 16.7770 ,- 24.1512 ,- 53.2011 ,- 44.5841 ,- 39.1496 ,- 62.0548 ,- 65.6187 ,- 67.6011 ,- 68.2685 ,- 68.0844 ,- 66.7989 ,- 62.2948 ,- 58.5896 ,- 51.0477 ,- 43.7852 ,- 51.2877 ,- 87.9190 ,- 85.9365 ,- 81.3239 ,- 79.1902 ,- 78.5754 ,- 72.5524 ,- 80.6565 ,- 78.8943 ,- 76.4055 ,- 69.1135 ,- 68.9031 ,- 57.8269 ,- 48.7825 ,- 41.0663 ,- 36.5885 , 21.4849 ,
03-13-2020 ,12:19:41 ,       9543.728, 250  ,            10  , 32  , 111  , 22.3134 ,- 29.1847 ,- 61.0291 ,- 49.6866 ,- 41.6252 ,- 64.6192 ,- 67.3973 ,- 68.9951 ,- 69.0444 ,- 68.3836 ,- 66.7989 ,- 62.3935 ,- 58.4877 ,- 51.5408 ,- 43.6899 ,- 46.9874 ,- 86.5447 ,- 85.3677 ,- 81.1299 ,- 78.7529 ,- 78.2894 ,- 72.1611 ,- 80.2587 ,- 79.2822 ,- 75.6329 ,- 69.2055 ,- 69.2811 ,- 58.7080 ,- 49.3282 ,- 41.7600 ,- 37.2822 , 20.5249 ,
03-13-2020 ,12:19:42 ,       9544.24, 250  ,             10  , 32  , 111  , 19.7425 ,- 26.8110 ,- 57.8959 ,- 48.6280 ,- 41.0302 ,- 64.4220 ,- 67.2000 ,- 69.1924 ,- 69.7217 ,- 68.9820 ,- 67.6011 ,- 62.7880 ,- 59.1847 ,- 51.5408 ,- 44.4493 ,- 50.6039 ,- 88.0143 ,- 85.8444 ,- 81.0313 ,- 78.7529 ,- 78.2894 ,- 72.3584 ,- 80.1568 ,- 78.5063 ,- 76.3102 ,- 68.7321 ,- 69.0904 ,- 57.4356 ,- 48.2367 ,- 40.5699 ,- 37.3808 , 21.2910 ,
03-13-2020 ,12:19:42 ,       9544.718, 250  ,            10  , 32  , 111  , 21.3271 ,- 25.6702 ,- 57.2713 ,- 47.8587 ,- 40.6356 ,- 64.2247 ,- 67.3973 ,- 69.0937 ,- 69.3337 ,- 68.8833 ,- 67.2000 ,- 62.5907 ,- 58.9841 ,- 51.8367 ,- 44.5447 ,- 50.7025 ,- 88.1129 ,- 85.9365 ,- 80.8373 ,- 78.3157 ,- 77.4379 ,- 71.1781 ,- 78.8647 ,- 78.0263 ,- 74.4691 ,- 68.4461 ,- 68.7157 ,- 57.1430 ,- 48.4176 ,- 40.4713 ,- 37.2822 , 22.5370 ,
03-13-2020 ,12:19:43 ,       9545.254, 250  ,            10  , 32  , 111  , 17.4707 ,- 27.1891 ,- 57.5836 ,- 47.7600 ,- 40.8329 ,- 64.1261 ,- 66.7069 ,- 68.1995 ,- 68.6565 ,- 68.1831 ,- 66.7989 ,- 62.1962 ,- 59.1847 ,- 51.0477 ,- 44.5447 ,- 52.1655 ,- 88.3102 ,- 85.7491 ,- 80.4461 ,- 77.7009 ,- 76.5896 ,- 70.5896 ,- 78.1677 ,- 76.7672 ,- 74.3737 ,- 67.0225 ,- 66.5556 ,- 55.7754 ,- 47.3261 ,- 39.5770 ,- 36.7858 , 22.5370 ,
03-13-2020 ,12:19:43 ,       9545.698, 250  ,            10  , 32  , 111  , 20.7321 ,- 26.4296 ,- 57.6888 ,- 47.9540 ,- 40.5370 ,- 64.1261 ,- 67.2987 ,- 68.9951 ,- 69.2384 ,- 68.7814 ,- 67.2000 ,- 62.2948 ,- 58.5896 ,- 50.6499 ,- 44.0680 ,- 49.5288 ,- 86.8373 ,- 85.2724 ,- 80.8373 ,- 78.7529 ,- 78.0066 ,- 71.8652 ,- 79.8576 ,- 78.5063 ,- 75.7283 ,- 69.2055 ,- 69.3732 ,- 58.6093 ,- 49.5091 ,- 41.9573 ,- 36.6871 , 21.7710 ,
03-13-2020 ,12:19:44 ,       9546.214, 250  ,            10  , 32  , 111  , 20.6334 ,- 28.4252 ,- 59.7765 ,- 48.8219 ,- 41.0302 ,- 64.0274 ,- 66.9041 ,- 68.2981 ,- 68.5611 ,- 67.9825 ,- 66.7003 ,- 61.8970 ,- 58.6883 ,- 50.4526 ,- 43.0258 ,- 46.9874 ,- 84.8746 ,- 84.0362 ,- 80.2521 ,- 78.2269 ,- 77.7239 ,- 71.8652 ,- 80.0581 ,- 78.6050 ,- 76.4055 ,- 68.7321 ,- 68.8110 ,- 58.9020 ,- 49.1474 ,- 41.5595 ,- 37.2822 , 20.1436 ,
03-13-2020 ,12:19:44 ,       9546.75, 250  ,             10  , 32  , 111  , 20.6334 ,- 27.5704 ,- 58.5239 ,- 48.4340 ,- 40.7343 ,- 64.0274 ,- 66.8055 ,- 68.3968 ,- 68.5611 ,- 67.8839 ,- 66.3978 ,- 62.0976 ,- 58.5896 ,- 49.7622 ,- 43.4039 ,- 50.6039 ,- 88.7014 ,- 86.4132 ,- 81.4192 ,- 78.7529 ,- 77.7239 ,- 71.4740 ,- 79.1639 ,- 77.7337 ,- 74.9557 ,- 68.3540 ,- 68.9031 ,- 57.0444 ,- 48.3255 ,- 40.7671 ,- 36.8877 , 21.2910 ,
03-13-2020 ,12:19:45 ,       9547.248, 250  ,            10  , 32  , 111  , 16.4811 ,- 27.5704 ,- 56.6466 ,- 46.8954 ,- 40.2378 ,- 63.4356 ,- 66.4077 ,- 67.9989 ,- 68.2685 ,- 67.8839 ,- 66.7989 ,- 61.9989 ,- 58.5896 ,- 50.2554 ,- 44.2619 ,- 50.8965 ,- 86.7387 ,- 84.5129 ,- 79.8609 ,- 77.4379 ,- 77.1551 ,- 70.8855 ,- 78.3683 ,- 77.4444 ,- 74.8570 ,- 68.0680 ,- 66.9337 ,- 56.2652 ,- 48.4176 ,- 40.3693 ,- 36.7858 , 21.1003 ,
03-13-2020 ,12:19:45 ,       9547.759, 250  ,            10  , 32  , 111  , 21.0280 ,- 28.7112 ,- 59.6713 ,- 49.0126 ,- 41.0302 ,- 64.9118 ,- 67.5946 ,- 69.3896 ,- 69.4291 ,- 69.0806 ,- 67.4006 ,- 62.7880 ,- 58.9841 ,- 50.9491 ,- 44.2619 ,- 47.0861 ,- 85.4631 ,- 84.7957 ,- 79.9595 ,- 78.4899 ,- 78.2894 ,- 72.0625 ,- 80.4559 ,- 79.0883 ,- 76.0209 ,- 69.3009 ,- 69.7480 ,- 58.6093 ,- 49.1474 ,- 41.7600 ,- 37.5814 , 20.9096 ,
03-13-2020 ,12:19:46 ,       9548.261, 250  ,            10  , 32  , 111  , 19.7425 ,- 27.5704 ,- 58.7343 ,- 48.8219 ,- 41.2274 ,- 65.0104 ,- 67.5946 ,- 69.5902 ,- 69.2384 ,- 68.8833 ,- 67.6998 ,- 63.0839 ,- 59.0828 ,- 51.8367 ,- 44.6400 ,- 49.0389 ,- 85.6603 ,- 83.8455 ,- 79.3743 ,- 77.4379 ,- 77.1551 ,- 70.9841 ,- 78.9633 ,- 77.5398 ,- 75.3436 ,- 68.5414 ,- 68.2455 ,- 57.3403 ,- 48.7825 ,- 40.5699 ,- 37.6800 , 20.1436 ,
03-13-2020 ,12:19:46 ,       9548.757, 250  ,            10  , 32  , 111  , 19.8411 ,- 29.7567 ,- 59.6713 ,- 48.8219 ,- 40.6356 ,- 63.9288 ,- 66.8055 ,- 68.5940 ,- 68.4625 ,- 68.3836 ,- 66.7003 ,- 62.1962 ,- 58.3891 ,- 50.3540 ,- 43.7852 ,- 43.3743 ,- 81.6362 ,- 81.4685 ,- 78.0099 ,- 76.4746 ,- 76.0209 ,- 70.4910 ,- 78.3683 ,- 76.7672 ,- 74.0844 ,- 67.5913 ,- 67.6833 ,- 57.3403 ,- 47.0532 ,- 40.6685 ,- 36.0921 , 21.1003 ,
03-13-2020 ,12:19:47 ,       9549.211, 250  ,            10  , 32  , 111  , 20.3375 ,- 26.5249 ,- 56.7485 ,- 46.9907 ,- 40.1392 ,- 63.0411 ,- 65.7173 ,- 67.8970 ,- 67.8806 ,- 67.4861 ,- 65.7962 ,- 61.5025 ,- 58.3891 ,- 50.4526 ,- 43.6899 ,- 47.6713 ,- 84.7792 ,- 83.4642 ,- 79.0817 ,- 76.9118 ,- 76.4943 ,- 70.2970 ,- 78.2696 ,- 76.9611 ,- 74.6631 ,- 67.6866 ,- 67.1211 ,- 56.5578 ,- 47.9639 ,- 40.3693 ,- 36.4899 , 20.2389 ,
03-13-2020 ,12:19:47 ,       9549.71, 250  ,             10  , 32  , 111  , 20.3375 ,- 23.5825 ,- 53.7206 ,- 45.1628 ,- 39.2482 ,- 62.3507 ,- 65.5200 ,- 67.4006 ,- 67.8806 ,- 67.5847 ,- 65.9967 ,- 61.1080 ,- 57.4948 ,- 51.7381 ,- 42.9304 ,- 51.0904 ,- 87.9190 ,- 85.3677 ,- 80.0581 ,- 77.3491 ,- 76.8724 ,- 70.7869 ,- 78.0691 ,- 76.4779 ,- 73.6965 ,- 67.3085 ,- 67.8707 ,- 56.0680 ,- 47.3261 ,- 39.9748 ,- 36.5885 , 21.5803 ,
03-13-2020 ,12:19:48 ,       9550.217, 250  ,            10  , 32  , 111  , 20.2389 ,- 20.1633 ,- 50.4855 ,- 43.7195 ,- 38.3573 ,- 61.0685 ,- 64.4351 ,- 66.7036 ,- 66.9140 ,- 66.6872 ,- 65.5956 ,- 60.9107 ,- 57.2976 ,- 50.9491 ,- 44.4493 ,- 55.9759 ,- 92.2357 ,- 88.3135 ,- 82.3957 ,- 79.1014 ,- 78.1020 ,- 71.2767 ,- 79.3644 ,- 78.1217 ,- 75.1463 ,- 68.7321 ,- 68.0581 ,- 56.0680 ,- 47.9639 ,- 39.1792 ,- 36.1907 , 21.2910 ,
03-13-2020 ,12:19:48 ,       9550.732, 250  ,            10  , 32  , 111  , 21.0280 ,- 23.5825 ,- 54.4537 ,- 46.1261 ,- 40.0406 ,- 63.4356 ,- 66.6083 ,- 67.8970 ,- 68.7518 ,- 68.2850 ,- 66.9995 ,- 62.4921 ,- 58.4877 ,- 51.4422 ,- 43.0258 ,- 51.0904 ,- 87.9190 ,- 85.1770 ,- 80.3507 ,- 77.5233 ,- 76.5896 ,- 70.7869 ,- 78.3683 ,- 76.5732 ,- 74.2751 ,- 67.2132 ,- 67.9661 ,- 56.3606 ,- 47.2373 ,- 40.2707 ,- 36.0921 , 21.0049 ,
03-13-2020 ,12:19:49 ,       9551.211, 250  ,            10  , 32  , 111  , 21.0280 ,- 28.9940 ,- 59.5693 ,- 48.7233 ,- 40.9315 ,- 63.3370 ,- 66.4077 ,- 68.3968 ,- 67.9792 ,- 67.4861 ,- 66.0987 ,- 61.7984 ,- 58.2904 ,- 50.5513 ,- 43.2132 ,- 45.4258 ,- 83.5989 ,- 83.1814 ,- 79.1803 ,- 77.5233 ,- 77.4379 ,- 71.3754 ,- 79.6603 ,- 78.6050 ,- 75.7283 ,- 69.0181 ,- 68.9031 ,- 57.7282 ,- 48.9633 ,- 40.8658 ,- 36.5885 , 21.1956 ,
03-13-2020 ,12:19:49 ,       9551.729, 250  ,            10  , 32  , 111  , 21.6230 ,- 28.6159 ,- 59.7765 ,- 49.3019 ,- 40.6356 ,- 64.6192 ,- 67.0028 ,- 68.8932 ,- 69.1398 ,- 68.3836 ,- 66.9995 ,- 62.4921 ,- 58.6883 ,- 51.2450 ,- 43.2132 ,- 46.0110 ,- 84.3847 ,- 83.5595 ,- 79.2789 ,- 77.3491 ,- 76.9677 ,- 71.4740 ,- 79.6603 ,- 77.5398 ,- 75.3436 ,- 67.9726 ,- 68.4329 ,- 57.5343 ,- 47.6910 ,- 40.3693 ,- 36.6871 , 21.6756 ,
03-13-2020 ,12:19:50 ,       9552.243, 250  ,            10  , 32  , 111  , 18.5556 ,- 26.8110 ,- 57.0609 ,- 47.4740 ,- 40.7343 ,- 64.4220 ,- 67.6932 ,- 69.4915 ,- 69.6231 ,- 69.3798 ,- 67.9003 ,- 63.4784 ,- 59.7798 ,- 51.8367 ,- 45.3041 ,- 49.1376 ,- 86.7387 ,- 84.8910 ,- 80.2521 ,- 78.1381 ,- 77.6285 ,- 70.8855 ,- 78.9633 ,- 78.0263 ,- 75.1463 ,- 68.8274 ,- 68.8110 ,- 57.4356 ,- 48.7825 ,- 40.7671 ,- 37.2822 , 19.8575 ,
03-13-2020 ,12:19:51 ,       9552.854, 250  ,            10  , 32  , 111  , 20.7321 ,- 25.6702 ,- 56.6466 ,- 46.7047 ,- 39.8433 ,- 62.9425 ,- 65.7173 ,- 67.6998 ,- 68.1732 ,- 67.6833 ,- 66.4965 ,- 62.1962 ,- 58.5896 ,- 50.8504 ,- 44.1666 ,- 50.0187 ,- 87.7217 ,- 85.7491 ,- 81.4192 ,- 78.9272 ,- 78.3847 ,- 72.5524 ,- 80.5546 ,- 78.7003 ,- 76.2148 ,- 68.8274 ,- 68.7157 ,- 57.2417 ,- 48.2367 ,- 40.9644 ,- 36.7858 , 22.7277 ,
03-13-2020 ,12:19:51 ,       9553.214, 250  ,            10  , 32  , 111  , 19.4466 ,- 25.3874 ,- 56.5414 ,- 47.2800 ,- 40.3365 ,- 63.4356 ,- 66.6083 ,- 68.6959 ,- 68.5611 ,- 68.1831 ,- 66.7003 ,- 62.5907 ,- 58.3891 ,- 51.0477 ,- 45.1167 ,- 53.2406 ,- 90.3716 ,- 87.4587 ,- 81.9091 ,- 79.2789 ,- 78.1940 ,- 71.7699 ,- 79.3644 ,- 78.3157 ,- 75.2450 ,- 68.6367 ,- 68.7157 ,- 57.5343 ,- 48.7825 ,- 41.1650 ,- 37.3808 , 21.5803 ,
03-13-2020 ,12:19:51 ,       9553.725, 250  ,            10  , 32  , 111  , 18.3584 ,- 24.9107 ,- 55.1836 ,- 46.3167 ,- 40.2378 ,- 63.5343 ,- 66.5063 ,- 68.1995 ,- 68.7518 ,- 68.4822 ,- 66.9995 ,- 62.3935 ,- 58.7869 ,- 52.2346 ,- 45.5902 ,- 52.0702 ,- 88.7014 ,- 86.3179 ,- 81.5179 ,- 78.4899 ,- 77.8192 ,- 71.7699 ,- 79.5617 ,- 77.6384 ,- 75.4389 ,- 68.0680 ,- 68.2455 ,- 56.2652 ,- 47.7798 ,- 40.0734 ,- 36.9863 , 20.9096 ,
03-13-2020 ,12:19:52 ,       9554.24, 250  ,             10  , 32  , 111  , 18.3584 ,- 24.6247 ,- 55.4959 ,- 46.6061 ,- 40.6356 ,- 64.4220 ,- 67.6932 ,- 69.5902 ,- 70.0110 ,- 69.7809 ,- 68.4033 ,- 63.3798 ,- 59.5825 ,- 52.0340 ,- 45.5902 ,- 51.7743 ,- 88.2116 ,- 85.8444 ,- 80.5447 ,- 78.3157 ,- 77.5332 ,- 71.1781 ,- 78.9633 ,- 77.8291 ,- 75.2450 ,- 68.6367 ,- 68.9984 ,- 57.2417 ,- 48.6017 ,- 40.8658 ,- 37.1836 , 21.5803 ,
03-13-2020 ,12:19:52 ,       9554.752, 250  ,            10  , 32  , 111  , 21.8203 ,- 27.9518 ,- 59.4641 ,- 48.9173 ,- 41.1288 ,- 64.6192 ,- 67.2987 ,- 69.0937 ,- 69.3337 ,- 68.9820 ,- 67.6011 ,- 62.8866 ,- 59.5825 ,- 51.9354 ,- 43.8806 ,- 49.1376 ,- 88.0143 ,- 86.4132 ,- 81.8105 ,- 79.7162 ,- 79.2362 ,- 73.3381 ,- 81.3502 ,- 79.8609 ,- 77.3754 ,- 70.0603 ,- 69.7480 ,- 59.2932 ,- 49.2362 ,- 41.4608 ,- 37.3808 , 22.9184 ,
03-13-2020 ,12:19:53 ,       9555.266, 250  ,            10  , 32  , 111  , 19.6438 ,- 25.1967 ,- 56.6466 ,- 47.8587 ,- 41.1288 ,- 64.7178 ,- 67.7918 ,- 70.0866 ,- 69.6231 ,- 69.1792 ,- 67.8017 ,- 63.1825 ,- 59.0828 ,- 51.4422 ,- 44.7354 ,- 52.3628 ,- 89.4872 ,- 86.9853 ,- 82.0044 ,- 79.2789 ,- 78.2894 ,- 71.8652 ,- 79.8576 ,- 78.7990 ,- 75.7283 ,- 69.0181 ,- 69.4685 ,- 58.5140 ,- 49.0554 ,- 41.7600 ,- 37.3808 , 21.5803 ,
03-13-2020 ,12:19:53 ,       9555.732, 250  ,            10  , 32  , 111  , 20.6334 ,- 24.3419 ,- 56.0187 ,- 47.2800 ,- 40.7343 ,- 64.1261 ,- 67.0028 ,- 69.1924 ,- 69.5277 ,- 69.2811 ,- 68.1009 ,- 62.9852 ,- 59.1847 ,- 51.6395 ,- 45.3995 ,- 54.9009 ,- 92.9228 ,- 89.2636 ,- 83.6614 ,- 80.3310 ,- 79.3316 ,- 72.7496 ,- 80.9524 ,- 79.2822 ,- 76.7935 ,- 69.1135 ,- 68.5283 ,- 57.1430 ,- 48.6017 ,- 40.3693 ,- 37.8773 , 21.1003 ,
03-13-2020 ,12:19:54 ,       9556.247, 250  ,            10  , 32  , 111  , 21.2252 ,- 27.6658 ,- 58.9414 ,- 48.7233 ,- 41.1288 ,- 64.6192 ,- 67.4959 ,- 69.1924 ,- 69.2384 ,- 68.7814 ,- 67.3020 ,- 62.4921 ,- 58.4877 ,- 50.4526 ,- 43.9759 ,- 49.7228 ,- 87.7217 ,- 85.7491 ,- 80.9326 ,- 78.4011 ,- 77.6285 ,- 71.0828 ,- 78.6674 ,- 77.9277 ,- 74.8570 ,- 68.2554 ,- 69.1858 ,- 57.7282 ,- 48.0559 ,- 40.9644 ,- 36.6871 , 22.4417 ,
03-13-2020 ,12:19:54 ,       9556.77, 250  ,             10  , 32  , 111  , 22.4121 ,- 29.2800 ,- 60.4044 ,- 49.0126 ,- 40.5370 ,- 63.4356 ,- 65.7173 ,- 67.4006 ,- 67.5913 ,- 66.9863 ,- 65.6943 ,- 61.1080 ,- 57.7907 ,- 49.2658 ,- 42.8351 ,- 43.1770 ,- 82.1294 ,- 81.9453 ,- 78.6937 ,- 77.3491 ,- 77.4379 ,- 71.7699 ,- 80.0581 ,- 78.7003 ,- 76.5042 ,- 69.3962 ,- 68.5283 ,- 58.0241 ,- 48.8713 ,- 41.1650 ,- 36.5885 , 20.5249 ,
03-13-2020 ,12:19:55 ,       9557.243, 250  ,            10  , 32  , 111  , 22.5107 ,- 25.8608 ,- 56.6466 ,- 46.9907 ,- 40.0406 ,- 63.1398 ,- 66.3091 ,- 68.0976 ,- 68.0746 ,- 67.1869 ,- 65.9967 ,- 61.5025 ,- 57.7907 ,- 50.3540 ,- 42.8351 ,- 48.7463 ,- 86.4461 ,- 84.8910 ,- 80.1535 ,- 77.8751 ,- 77.2505 ,- 71.3754 ,- 79.2625 ,- 77.9277 ,- 75.1463 ,- 68.0680 ,- 68.9031 ,- 56.6565 ,- 47.9639 ,- 40.1721 ,- 36.6871 , 21.3896 ,
03-13-2020 ,12:19:55 ,       9557.776, 250  ,            10  , 32  , 111  , 20.4362 ,- 23.5825 ,- 54.3485 ,- 46.4154 ,- 40.0406 ,- 63.4356 ,- 66.5063 ,- 68.3968 ,- 68.8504 ,- 68.3836 ,- 67.6011 ,- 62.4921 ,- 59.0828 ,- 51.6395 ,- 44.7354 ,- 54.7069 ,- 91.3513 ,- 87.7447 ,- 82.3957 ,- 79.5420 ,- 78.3847 ,- 72.3584 ,- 80.1568 ,- 78.8943 ,- 76.4055 ,- 69.1135 ,- 68.6236 ,- 57.3403 ,- 48.8713 ,- 40.1721 ,- 37.0850 , 22.6323 ,
03-13-2020 ,12:19:56 ,       9558.231, 250  ,            10  , 32  , 111  , 21.8203 ,- 24.3419 ,- 55.7063 ,- 46.8000 ,- 40.0406 ,- 63.2384 ,- 66.4077 ,- 68.2981 ,- 68.4625 ,- 67.9825 ,- 66.7989 ,- 61.5025 ,- 57.7907 ,- 52.5304 ,- 43.5945 ,- 51.8729 ,- 89.5858 ,- 86.8866 ,- 81.2253 ,- 78.3157 ,- 77.2505 ,- 71.0828 ,- 78.6674 ,- 77.0565 ,- 74.1798 ,- 67.2132 ,- 68.1535 ,- 56.1666 ,- 46.8724 ,- 39.8729 ,- 36.3913 , 21.2910 ,
03-13-2020 ,12:19:56 ,       9558.79, 250  ,             10  , 32  , 111  , 20.2389 ,- 27.0970 ,- 58.2115 ,- 48.5326 ,- 41.1288 ,- 64.3233 ,- 67.2987 ,- 68.5940 ,- 69.1398 ,- 68.3836 ,- 67.0981 ,- 62.3935 ,- 59.0828 ,- 51.1463 ,- 44.7354 ,- 49.8214 ,- 87.2318 ,- 85.3677 ,- 80.9326 ,- 78.5754 ,- 77.9113 ,- 71.8652 ,- 79.8576 ,- 78.5063 ,- 75.7283 ,- 69.0181 ,- 68.9031 ,- 58.4121 ,- 49.0554 ,- 41.2636 ,- 37.6800 , 20.2389 ,
03-13-2020 ,12:19:57 ,       9559.237, 250  ,            10  , 32  , 111  , 20.6334 ,- 25.0060 ,- 56.4362 ,- 47.4740 ,- 40.7343 ,- 64.1261 ,- 66.7069 ,- 68.7946 ,- 68.9458 ,- 68.6828 ,- 67.2000 ,- 61.9989 ,- 58.4877 ,- 50.9491 ,- 43.5945 ,- 53.9244 ,- 91.3513 ,- 87.9354 ,- 82.5896 ,- 79.7162 ,- 78.9502 ,- 72.7496 ,- 80.4559 ,- 78.8943 ,- 76.2148 ,- 69.3009 ,- 69.9387 ,- 58.1195 ,- 48.9633 ,- 40.9644 ,- 37.6800 , 20.8143 ,
03-13-2020 ,12:19:57 ,       9559.779, 250  ,            10  , 32  , 111  , 19.9430 ,- 24.0559 ,- 54.6609 ,- 46.2214 ,- 39.8433 ,- 63.0411 ,- 66.2104 ,- 68.2981 ,- 68.0746 ,- 67.8839 ,- 66.5984 ,- 62.0976 ,- 58.4877 ,- 52.4318 ,- 44.4493 ,- 51.6789 ,- 89.3885 ,- 87.1727 ,- 82.4943 ,- 79.9792 ,- 78.8581 ,- 72.5524 ,- 80.6565 ,- 79.5715 ,- 76.6028 ,- 69.8729 ,- 69.9387 ,- 58.3167 ,- 48.9633 ,- 40.5699 ,- 37.5814 , 21.1003 ,
03-13-2020 ,12:19:58 ,       9560.286, 250  ,            10  , 32  , 111  , 19.0521 ,- 22.0603 ,- 52.4713 ,- 44.9721 ,- 39.7447 ,- 63.6329 ,- 67.0028 ,- 69.1924 ,- 69.9157 ,- 69.3798 ,- 68.4033 ,- 63.3798 ,- 59.4806 ,- 52.0340 ,- 45.0214 ,- 52.7540 ,- 88.9973 ,- 86.5085 ,- 81.6165 ,- 78.6642 ,- 78.1020 ,- 72.3584 ,- 80.2587 ,- 78.0263 ,- 76.0209 ,- 68.9228 ,- 68.9031 ,- 56.9491 ,- 48.1447 ,- 40.4713 ,- 37.2822 , 21.5803 ,
03-13-2020 ,12:19:58 ,       9560.739, 250  ,            10  , 32  , 111  , 20.1403 ,- 23.9606 ,- 55.0784 ,- 46.6061 ,- 40.3365 ,- 63.3370 ,- 66.4077 ,- 68.3968 ,- 68.1732 ,- 68.1831 ,- 66.7003 ,- 62.0976 ,- 58.1885 ,- 51.1463 ,- 44.3540 ,- 52.5567 ,- 89.9770 ,- 86.8866 ,- 81.8105 ,- 79.2789 ,- 78.5754 ,- 71.8652 ,- 79.4631 ,- 78.9929 ,- 75.7283 ,- 69.4915 ,- 69.0904 ,- 57.8269 ,- 48.8713 ,- 41.3622 ,- 37.4795 , 20.5249 ,
03-13-2020 ,12:19:59 ,       9561.291, 250  ,            10  , 32  , 111  , 21.1266 ,- 25.5781 ,- 55.8083 ,- 46.7047 ,- 39.7447 ,- 63.1398 ,- 66.1118 ,- 67.4992 ,- 68.0746 ,- 67.4861 ,- 66.4965 ,- 61.3085 ,- 57.6921 ,- 50.5513 ,- 43.4992 ,- 49.3315 ,- 86.8373 ,- 84.7957 ,- 79.4729 ,- 77.7009 ,- 77.2505 ,- 71.3754 ,- 79.0652 ,- 77.1551 ,- 74.7617 ,- 67.4959 ,- 67.6833 ,- 55.7754 ,- 47.1452 ,- 39.7743 ,- 36.6871 , 20.8143 ,
03-13-2020 ,12:19:59 ,       9561.771, 250  ,            10  , 32  , 111  , 21.4258 ,- 26.4296 ,- 56.9589 ,- 47.3787 ,- 39.9419 ,- 62.5480 ,- 65.5200 ,- 67.2033 ,- 67.1047 ,- 66.6872 ,- 65.0926 ,- 60.2203 ,- 57.0970 ,- 48.7693 ,- 42.2630 ,- 46.8921 ,- 84.0921 ,- 82.7047 ,- 78.4011 ,- 76.4746 ,- 75.9288 ,- 69.8039 ,- 77.5726 ,- 76.7672 ,- 73.5978 ,- 67.5913 ,- 67.3085 ,- 57.2417 ,- 47.7798 ,- 40.1721 ,- 36.1907 , 22.6323 ,
03-13-2020 ,12:20:00 ,       9562.274, 250  ,            10  , 32  , 111  , 21.5244 ,- 28.0438 ,- 58.9414 ,- 48.6280 ,- 40.6356 ,- 64.0274 ,- 67.1014 ,- 68.7946 ,- 68.7518 ,- 68.5809 ,- 67.2000 ,- 61.9989 ,- 58.4877 ,- 50.8504 ,- 43.4039 ,- 46.3036 ,- 84.2861 ,- 83.3721 ,- 79.2789 ,- 77.1748 ,- 76.9677 ,- 71.1781 ,- 79.6603 ,- 77.7337 ,- 75.4389 ,- 67.9726 ,- 68.5283 ,- 57.5343 ,- 47.7798 ,- 40.6685 ,- 37.6800 , 18.4175 ,
03-13-2020 ,12:20:00 ,       9562.776, 250  ,            10  , 32  , 111  , 17.1715 ,- 30.4208 ,- 59.8817 ,- 48.7233 ,- 40.6356 ,- 63.5343 ,- 66.0165 ,- 67.8970 ,- 67.7852 ,- 67.2855 ,- 65.7962 ,- 61.3085 ,- 57.2976 ,- 49.3644 ,- 43.5945 ,- 45.5244 ,- 82.7178 ,- 82.2313 ,- 78.3025 ,- 76.3858 ,- 76.3036 ,- 70.0998 ,- 77.7699 ,- 76.9611 ,- 74.0844 ,- 67.6866 ,- 67.4959 ,- 56.1666 ,- 48.3255 ,- 41.0663 ,- 36.5885 , 21.4849 ,
03-13-2020 ,12:20:01 ,       9563.268, 250  ,            10  , 32  , 111  , 20.6334 ,- 28.9940 ,- 59.9836 ,- 48.8219 ,- 40.8329 ,- 63.7315 ,- 66.5063 ,- 68.5940 ,- 68.6565 ,- 68.0844 ,- 66.7989 ,- 62.3935 ,- 58.6883 ,- 51.4422 ,- 43.8806 ,- 46.5962 ,- 84.8746 ,- 84.0362 ,- 79.7655 ,- 77.7896 ,- 77.5332 ,- 71.7699 ,- 79.8576 ,- 78.1217 ,- 75.9222 ,- 68.7321 ,- 68.9984 ,- 56.9491 ,- 48.4176 ,- 40.3693 ,- 37.1836 , 22.0570 ,
03-13-2020 ,12:20:01 ,       9563.747, 250  ,            10  , 32  , 111  , 15.6888 ,- 26.8110 ,- 55.9135 ,- 46.8000 ,- 39.7447 ,- 62.8439 ,- 65.9178 ,- 67.4006 ,- 67.8806 ,- 67.2855 ,- 66.0987 ,- 61.9989 ,- 58.5896 ,- 50.7485 ,- 44.3540 ,- 52.0702 ,- 87.4258 ,- 85.3677 ,- 80.3507 ,- 77.6121 ,- 76.9677 ,- 70.9841 ,- 78.2696 ,- 77.4444 ,- 74.3737 ,- 67.9726 ,- 68.1535 ,- 56.9491 ,- 48.3255 ,- 41.0663 ,- 36.7858 , 21.8663 ,
03-13-2020 ,12:20:02 ,       9564.256, 250  ,            10  , 32  , 111  , 19.3480 ,- 26.2422 ,- 57.2713 ,- 47.6647 ,- 40.6356 ,- 64.2247 ,- 66.9041 ,- 68.5940 ,- 69.3337 ,- 68.7814 ,- 67.4006 ,- 62.4921 ,- 58.8855 ,- 51.6395 ,- 44.1666 ,- 49.9200 ,- 86.6433 ,- 84.7957 ,- 80.5447 ,- 78.5754 ,- 78.1940 ,- 72.0625 ,- 80.0581 ,- 78.7003 ,- 76.4055 ,- 69.3962 ,- 68.9031 ,- 59.2932 ,- 49.0554 ,- 41.3622 ,- 36.9863 , 21.5803 ,
03-13-2020 ,12:20:02 ,       9564.75, 250  ,             10  , 32  , 111  , 21.1266 ,- 25.0060 ,- 56.6466 ,- 47.1847 ,- 40.5370 ,- 63.8302 ,- 67.0028 ,- 68.9951 ,- 68.7518 ,- 68.0844 ,- 66.7003 ,- 61.8970 ,- 57.9913 ,- 51.6395 ,- 43.4992 ,- 49.8214 ,- 86.7387 ,- 84.5129 ,- 79.6669 ,- 76.9973 ,- 76.4943 ,- 70.5896 ,- 78.4669 ,- 77.2505 ,- 74.3737 ,- 67.9726 ,- 68.8110 ,- 56.8504 ,- 48.0559 ,- 40.2707 ,- 37.0850 , 21.3896 ,
03-13-2020 ,12:20:03 ,       9565.268, 250  ,            10  , 32  , 111  , 19.8411 ,- 24.2466 ,- 54.8713 ,- 46.2214 ,- 39.2482 ,- 62.4493 ,- 65.4214 ,- 67.1014 ,- 67.3973 ,- 67.0850 ,- 65.7962 ,- 61.6011 ,- 58.1885 ,- 50.6499 ,- 44.0680 ,- 53.4378 ,- 90.5688 ,- 87.8400 ,- 82.0044 ,- 78.9272 ,- 77.8192 ,- 71.6713 ,- 79.3644 ,- 77.6384 ,- 75.4389 ,- 67.9726 ,- 67.5913 ,- 55.9726 ,- 47.5989 ,- 39.6756 ,- 36.5885 , 21.4849 ,
03-13-2020 ,12:20:03 ,       9565.759, 250  ,            10  , 32  , 111  , 20.6334 ,- 25.8608 ,- 57.0609 ,- 47.9540 ,- 40.8329 ,- 64.3233 ,- 67.3973 ,- 69.1924 ,- 69.1398 ,- 68.7814 ,- 67.2000 ,- 62.4921 ,- 58.9841 ,- 51.4422 ,- 43.9759 ,- 52.1655 ,- 89.8817 ,- 86.6992 ,- 81.8105 ,- 78.8417 ,- 78.0066 ,- 71.6713 ,- 79.5617 ,- 78.2170 ,- 75.2450 ,- 68.7321 ,- 69.1858 ,- 57.2417 ,- 48.4176 ,- 40.5699 ,- 37.0850 , 21.2910 ,
03-13-2020 ,12:20:04 ,       9566.271, 250  ,            10  , 32  , 111  , 20.5348 ,- 26.7156 ,- 58.1063 ,- 48.1480 ,- 40.9315 ,- 64.2247 ,- 67.0028 ,- 68.5940 ,- 68.9458 ,- 68.3836 ,- 66.8976 ,- 62.2948 ,- 58.9841 ,- 51.2450 ,- 43.7852 ,- 48.4537 ,- 85.6603 ,- 84.3222 ,- 79.5683 ,- 77.2636 ,- 76.9677 ,- 71.1781 ,- 79.4631 ,- 78.0263 ,- 75.7283 ,- 68.4461 ,- 68.1535 ,- 57.6329 ,- 47.9639 ,- 39.9748 ,- 37.1836 , 21.7710 ,
03-13-2020 ,12:20:04 ,       9566.782, 250  ,            10  , 32  , 111  , 21.8203 ,- 28.7112 ,- 60.4044 ,- 49.3019 ,- 41.2274 ,- 64.8165 ,- 67.0028 ,- 69.1924 ,- 69.4291 ,- 68.7814 ,- 67.4006 ,- 62.5907 ,- 58.5896 ,- 51.2450 ,- 44.1666 ,- 47.9639 ,- 86.3474 ,- 84.7003 ,- 80.4461 ,- 78.1381 ,- 78.1020 ,- 71.7699 ,- 79.9595 ,- 78.7003 ,- 75.8269 ,- 68.8274 ,- 69.3732 ,- 57.9255 ,- 48.6017 ,- 40.9644 ,- 36.9863 , 19.3775 ,
03-13-2020 ,12:20:05 ,       9567.297, 250  ,            10  , 32  , 111  , 20.0417 ,- 21.5869 ,- 52.1556 ,- 45.0674 ,- 39.5441 ,- 62.9425 ,- 66.4077 ,- 68.4954 ,- 69.0444 ,- 68.6828 ,- 67.6011 ,- 62.5907 ,- 59.0828 ,- 52.2346 ,- 46.0636 ,- 57.0510 ,- 94.3957 ,- 90.1184 ,- 84.1480 ,- 80.7683 ,- 79.5189 ,- 72.8483 ,- 80.4559 ,- 79.3776 ,- 76.5042 ,- 69.4915 ,- 69.1858 ,- 56.9491 ,- 48.4176 ,- 40.0734 ,- 37.3808 , 21.2910 ,
03-13-2020 ,12:20:05 ,       9567.774, 250  ,            10  , 32  , 111  , 22.1162 ,- 27.0970 ,- 58.7343 ,- 48.4340 ,- 40.6356 ,- 64.2247 ,- 67.1014 ,- 68.9951 ,- 68.7518 ,- 68.0844 ,- 66.7003 ,- 62.2948 ,- 58.3891 ,- 50.0581 ,- 43.4992 ,- 49.1376 ,- 87.1332 ,- 85.7491 ,- 80.8373 ,- 78.4899 ,- 77.8192 ,- 71.8652 ,- 79.8576 ,- 78.7990 ,- 75.6329 ,- 68.6367 ,- 68.9031 ,- 57.9255 ,- 48.5096 ,- 41.3622 ,- 36.9863 , 20.7189 ,
03-13-2020 ,12:20:06 ,       9568.296, 250  ,            10  , 32  , 111  , 21.4258 ,- 27.8565 ,- 58.9414 ,- 48.7233 ,- 40.7343 ,- 64.2247 ,- 66.7069 ,- 68.3968 ,- 68.2685 ,- 67.2855 ,- 66.2959 ,- 61.5025 ,- 58.2904 ,- 51.3436 ,- 43.8806 ,- 48.1611 ,- 85.8576 ,- 84.0362 ,- 79.4729 ,- 77.1748 ,- 76.5896 ,- 70.4910 ,- 78.2696 ,- 77.1551 ,- 74.1798 ,- 67.9726 ,- 67.6833 ,- 57.5343 ,- 48.2367 ,- 40.1721 ,- 36.7858 , 21.1003 ,
03-13-2020 ,12:20:06 ,       9568.778, 250  ,            10  , 32  , 111  , 20.6334 ,- 24.8186 ,- 55.2888 ,- 46.8954 ,- 39.7447 ,- 63.2384 ,- 66.3091 ,- 68.0976 ,- 68.3639 ,- 67.9825 ,- 66.3978 ,- 61.5025 ,- 57.9913 ,- 51.3436 ,- 43.4992 ,- 52.1655 ,- 89.6844 ,- 86.7913 ,- 81.7151 ,- 78.8417 ,- 77.7239 ,- 71.6713 ,- 79.1639 ,- 77.5398 ,- 74.6631 ,- 68.1633 ,- 68.2455 ,- 57.2417 ,- 47.2373 ,- 39.8729 ,- 36.6871 , 21.3896 ,
03-13-2020 ,12:20:08 ,       9569.85, 250  ,             10  , 32  , 111  , 21.3271 ,- 30.9896 ,- 61.9693 ,- 49.9759 ,- 41.2274 ,- 63.9288 ,- 67.0028 ,- 68.3968 ,- 68.3639 ,- 67.7852 ,- 66.3978 ,- 61.6011 ,- 57.8926 ,- 50.4526 ,- 43.3085 ,- 43.8608 ,- 82.7178 ,- 82.7047 ,- 78.9831 ,- 77.7009 ,- 77.3458 ,- 71.7699 ,- 80.1568 ,- 79.1836 ,- 76.2148 ,- 69.5869 ,- 69.2811 ,- 58.9020 ,- 49.6932 ,- 41.7600 ,- 36.9863 , 21.7710 ,
03-13-2020 ,12:20:09 ,       9570.891, 250  ,            10  , 32  , 111  , 21.9189 ,- 26.7156 ,- 58.3167 ,- 48.5326 ,- 40.9315 ,- 64.2247 ,- 67.2000 ,- 69.0937 ,- 69.2384 ,- 68.7814 ,- 67.4006 ,- 62.5907 ,- 58.5896 ,- 50.4526 ,- 43.5945 ,- 50.4066 ,- 88.1129 ,- 85.6505 ,- 80.8373 ,- 78.3157 ,- 77.6285 ,- 72.0625 ,- 79.9595 ,- 78.6050 ,- 76.1162 ,- 68.8274 ,- 69.3732 ,- 58.1195 ,- 48.6017 ,- 41.0663 ,- 37.3808 , 22.3463 ,
03-13-2020 ,12:20:09 ,       9570.952, 250  ,            10  , 32  , 111  , 21.0280 ,- 29.4707 ,- 61.2395 ,- 50.0713 ,- 41.9211 ,- 65.1124 ,- 67.9891 ,- 69.7907 ,- 69.2384 ,- 68.9820 ,- 67.4006 ,- 62.7880 ,- 58.9841 ,- 50.3540 ,- 44.1666 ,- 47.3787 ,- 86.2488 ,- 85.2724 ,- 80.6400 ,- 78.5754 ,- 78.0066 ,- 71.8652 ,- 79.5617 ,- 78.7990 ,- 75.5343 ,- 69.0181 ,- 68.6236 ,- 58.8033 ,- 49.1474 ,- 41.5595 ,- 36.8877 , 20.3343 ,
03-13-2020 ,12:20:09 ,       9570.963, 250  ,            10  , 32  , 111  , 20.7321 ,- 29.4707 ,- 60.0888 ,- 48.8219 ,- 40.9315 ,- 64.5206 ,- 66.9041 ,- 68.7946 ,- 68.9458 ,- 68.3836 ,- 66.9995 ,- 62.3935 ,- 58.9841 ,- 50.9491 ,- 43.4992 ,- 45.7184 ,- 84.3847 ,- 83.7502 ,- 80.2521 ,- 78.1381 ,- 77.9113 ,- 72.3584 ,- 80.7551 ,- 79.0883 ,- 76.7935 ,- 69.3009 ,- 69.4685 ,- 58.7080 ,- 48.6904 ,- 41.7600 ,- 37.2822 , 21.6756 ,
03-13-2020 ,12:20:09 ,       9571.292, 250  ,            10  , 32  , 111  , 20.4362 ,- 27.3797 ,- 58.4187 ,- 48.4340 ,- 40.7343 ,- 63.6329 ,- 66.6083 ,- 67.9989 ,- 67.9792 ,- 67.6833 ,- 66.1973 ,- 61.6998 ,- 58.1885 ,- 49.7622 ,- 43.8806 ,- 49.5288 ,- 86.8373 ,- 84.8910 ,- 79.8609 ,- 77.7009 ,- 77.0598 ,- 70.5896 ,- 78.5655 ,- 77.3491 ,- 74.2751 ,- 67.9726 ,- 67.9661 ,- 56.5578 ,- 47.9639 ,- 40.1721 ,- 36.6871 , 21.3896 ,
03-13-2020 ,12:20:10 ,       9571.801, 250  ,            10  , 32  , 111  , 21.2252 ,- 26.8110 ,- 58.2115 ,- 48.0493 ,- 40.6356 ,- 63.8302 ,- 66.7069 ,- 68.6959 ,- 68.7518 ,- 68.3836 ,- 66.7989 ,- 62.1962 ,- 58.5896 ,- 52.4318 ,- 43.0258 ,- 47.3787 ,- 85.0718 ,- 83.3721 ,- 79.0817 ,- 76.8231 ,- 76.4943 ,- 70.7869 ,- 78.8647 ,- 77.1551 ,- 75.0510 ,- 67.5913 ,- 67.8707 ,- 57.8269 ,- 47.4181 ,- 39.9748 ,- 36.7858 , 21.0049 ,
03-13-2020 ,12:20:10 ,       9572.314, 250  ,            10  , 32  , 111  , 21.9189 ,- 25.3874 ,- 56.7485 ,- 47.7600 ,- 40.5370 ,- 63.9288 ,- 67.1014 ,- 69.5902 ,- 69.2384 ,- 68.5809 ,- 67.2000 ,- 62.4921 ,- 58.7869 ,- 52.2346 ,- 44.0680 ,- 51.5803 ,- 89.7831 ,- 87.5540 ,- 82.3003 ,- 79.8050 ,- 78.9502 ,- 72.3584 ,- 80.0581 ,- 78.9929 ,- 75.8269 ,- 69.3962 ,- 69.2811 ,- 58.6093 ,- 48.8713 ,- 41.0663 ,- 37.0850 , 21.4849 ,
03-13-2020 ,12:20:10 ,       9572.773, 250  ,            10  , 32  , 111  , 20.1403 ,- 26.3375 ,- 56.3310 ,- 46.9907 ,- 40.1392 ,- 63.1398 ,- 65.2241 ,- 67.6998 ,- 68.3639 ,- 68.1831 ,- 66.9995 ,- 62.3935 ,- 58.9841 ,- 51.2450 ,- 44.7354 ,- 49.8214 ,- 87.8203 ,- 86.5085 ,- 81.7151 ,- 79.2789 ,- 78.7628 ,- 72.3584 ,- 80.4559 ,- 78.7990 ,- 76.4055 ,- 68.9228 ,- 68.9984 ,- 57.3403 ,- 48.5096 ,- 40.6685 ,- 36.8877 , 22.3463 ,
03-13-2020 ,12:20:11 ,       9573.297, 250  ,            10  , 32  , 111  , 21.4258 ,- 30.8943 ,- 62.6992 ,- 50.7452 ,- 42.0197 ,- 65.7009 ,- 68.2850 ,- 69.5902 ,- 69.6231 ,- 68.8833 ,- 67.4992 ,- 62.5907 ,- 58.9841 ,- 51.0477 ,- 43.7852 ,- 45.8170 ,- 84.3847 ,- 83.9409 ,- 79.7655 ,- 77.9639 ,- 77.3458 ,- 71.4740 ,- 79.5617 ,- 78.6050 ,- 75.5343 ,- 68.9228 ,- 69.4685 ,- 58.5140 ,- 48.8713 ,- 41.7600 ,- 37.7787 , 21.1003 ,
03-13-2020 ,12:20:11 ,       9573.773, 250  ,            10  , 32  , 111  , 19.1507 ,- 27.6658 ,- 58.5239 ,- 48.3387 ,- 40.9315 ,- 64.6192 ,- 66.9041 ,- 68.6959 ,- 68.7518 ,- 68.0844 ,- 66.7989 ,- 62.4921 ,- 58.5896 ,- 50.7485 ,- 44.0680 ,- 49.6274 ,- 87.0346 ,- 85.0817 ,- 80.1535 ,- 77.4379 ,- 76.7770 ,- 70.7869 ,- 78.3683 ,- 76.8658 ,- 74.7617 ,- 67.7820 ,- 67.0258 ,- 55.6767 ,- 47.4181 ,- 39.8729 ,- 36.3913 , 21.7710 ,
03-13-2020 ,12:20:12 ,       9574.3, 250  ,              10  , 32  , 111  , 21.6230 ,- 27.0970 ,- 58.6291 ,- 48.7233 ,- 41.3260 ,- 64.7178 ,- 67.5946 ,- 69.4915 ,- 69.4291 ,- 69.0806 ,- 67.6011 ,- 62.6894 ,- 58.8855 ,- 51.9354 ,- 44.3540 ,- 49.5288 ,- 87.9190 ,- 86.2225 ,- 81.2253 ,- 78.7529 ,- 78.0066 ,- 71.7699 ,- 79.8576 ,- 78.7003 ,- 75.7283 ,- 69.1135 ,- 69.8433 ,- 57.3403 ,- 48.6904 ,- 41.0663 ,- 36.8877 , 21.8663 ,
03-13-2020 ,12:20:13 ,       9574.817, 250  ,            10  , 32  , 111  , 21.6230 ,- 25.9562 ,- 57.2713 ,- 48.0493 ,- 41.1288 ,- 64.6192 ,- 67.3973 ,- 69.4915 ,- 69.9157 ,- 69.1792 ,- 68.1009 ,- 63.4784 ,- 59.5825 ,- 52.3332 ,- 45.1167 ,- 51.7743 ,- 89.8817 ,- 87.0773 ,- 82.1031 ,- 78.7529 ,- 78.3847 ,- 72.2598 ,- 80.2587 ,- 78.3157 ,- 76.1162 ,- 68.8274 ,- 68.5283 ,- 56.8504 ,- 48.0559 ,- 40.3693 ,- 38.2751 , 22.2510 ,
03-13-2020 ,12:20:13 ,       9575.298, 250  ,            10  , 32  , 111  , 20.2389 ,- 25.7655 ,- 56.7485 ,- 47.6647 ,- 40.9315 ,- 64.2247 ,- 67.3973 ,- 69.1924 ,- 69.5277 ,- 69.0806 ,- 67.6011 ,- 62.9852 ,- 58.9841 ,- 52.7277 ,- 44.9261 ,- 52.4581 ,- 90.2729 ,- 87.4587 ,- 82.3003 ,- 79.1902 ,- 78.2894 ,- 71.6713 ,- 79.4631 ,- 78.3157 ,- 75.6329 ,- 68.9228 ,- 69.4685 ,- 57.6329 ,- 48.5096 ,- 40.7671 ,- 37.2822 , 20.6236 ,
03-13-2020 ,12:20:13 ,       9575.777, 250  ,            10  , 32  , 111  , 19.2493 ,- 28.7112 ,- 58.7343 ,- 48.1480 ,- 40.5370 ,- 63.1398 ,- 66.3091 ,- 67.8970 ,- 67.8806 ,- 67.3874 ,- 66.1973 ,- 61.6998 ,- 58.3891 ,- 50.0581 ,- 44.0680 ,- 48.1611 ,- 85.7589 ,- 84.3222 ,- 79.8609 ,- 77.7009 ,- 77.1551 ,- 71.1781 ,- 79.0652 ,- 77.8291 ,- 75.3436 ,- 68.2554 ,- 67.9661 ,- 57.4356 ,- 48.5096 ,- 40.8658 ,- 36.8877 , 20.3343 ,
03-13-2020 ,12:20:14 ,       9576.302, 250  ,            10  , 32  , 111  , 23.0071 ,- 24.0559 ,- 57.4817 ,- 48.4340 ,- 40.9315 ,- 64.2247 ,- 67.2987 ,- 69.0937 ,- 69.4291 ,- 68.9820 ,- 67.6011 ,- 62.2948 ,- 57.7907 ,- 50.0581 ,- 44.0680 ,- 54.8055 ,- 92.0384 ,- 88.8855 ,- 83.5628 ,- 80.1535 ,- 79.0455 ,- 72.7496 ,- 81.1529 ,- 79.5715 ,- 76.6028 ,- 69.4915 ,- 69.4685 ,- 58.6093 ,- 49.5091 ,- 41.7600 ,- 37.2822 , 20.4296 ,
03-13-2020 ,12:20:14 ,       9576.783, 250  ,            10  , 32  , 111  , 19.8411 ,- 24.4373 ,- 55.3940 ,- 46.6061 ,- 40.4351 ,- 63.6329 ,- 66.5063 ,- 68.3968 ,- 68.9458 ,- 68.8833 ,- 66.8976 ,- 62.1962 ,- 58.3891 ,- 52.0340 ,- 44.4493 ,- 51.3863 ,- 88.1129 ,- 85.6505 ,- 81.2253 ,- 78.7529 ,- 78.1020 ,- 71.9639 ,- 80.0581 ,- 78.8943 ,- 76.3102 ,- 69.1135 ,- 68.9984 ,- 57.5343 ,- 48.6904 ,- 40.2707 ,- 37.1836 , 20.7189 ,
03-13-2020 ,12:20:15 ,       9577.31, 250  ,             10  , 32  , 111  , 22.9085 ,- 24.9107 ,- 57.1661 ,- 48.0493 ,- 40.9315 ,- 64.8165 ,- 67.7918 ,- 69.7907 ,- 70.0110 ,- 69.5803 ,- 68.2028 ,- 63.2811 ,- 59.0828 ,- 52.4318 ,- 44.5447 ,- 51.3863 ,- 89.3885 ,- 86.7913 ,- 81.7151 ,- 78.8417 ,- 78.0066 ,- 71.8652 ,- 79.9595 ,- 78.3157 ,- 75.6329 ,- 68.5414 ,- 68.9031 ,- 57.6329 ,- 48.4176 ,- 40.5699 ,- 37.2822 , 21.2910 ,
03-13-2020 ,12:20:16 ,       9577.795, 250  ,            10  , 32  , 111  , 20.5348 ,- 26.0515 ,- 57.5836 ,- 48.1480 ,- 41.5266 ,- 64.8165 ,- 67.4959 ,- 69.3896 ,- 69.4291 ,- 69.1792 ,- 67.6011 ,- 62.4921 ,- 58.9841 ,- 52.6291 ,- 44.6400 ,- 51.6789 ,- 88.9973 ,- 86.8866 ,- 82.0044 ,- 79.5420 ,- 78.7628 ,- 72.3584 ,- 80.5546 ,- 79.2822 ,- 76.8921 ,- 69.8729 ,- 69.6559 ,- 59.1978 ,- 49.6011 ,- 41.3622 ,- 37.6800 , 21.2910 ,
03-13-2020 ,12:20:16 ,       9578.304, 250  ,            10  , 32  , 111  , 19.9430 ,- 26.9063 ,- 58.3167 ,- 48.6280 ,- 41.0302 ,- 65.3096 ,- 67.6932 ,- 69.5902 ,- 69.9157 ,- 69.3798 ,- 68.1009 ,- 63.0839 ,- 59.5825 ,- 51.9354 ,- 44.5447 ,- 50.5052 ,- 88.1129 ,- 86.2225 ,- 81.6165 ,- 79.2789 ,- 78.6674 ,- 72.5524 ,- 80.5546 ,- 78.8943 ,- 76.3102 ,- 69.2055 ,- 69.7480 ,- 58.0241 ,- 49.0554 ,- 41.8587 ,- 37.5814 , 21.4849 ,
03-13-2020 ,12:20:17 ,       9578.827, 250  ,            10  , 32  , 111  , 21.3271 ,- 28.8986 ,- 60.8219 ,- 49.7819 ,- 41.7239 ,- 65.0104 ,- 67.8904 ,- 69.5902 ,- 69.6231 ,- 69.2811 ,- 67.8017 ,- 62.6894 ,- 59.2833 ,- 52.6291 ,- 44.8307 ,- 49.4302 ,- 87.8203 ,- 86.3179 ,- 81.4192 ,- 79.0159 ,- 78.6674 ,- 72.3584 ,- 80.3573 ,- 79.2822 ,- 76.4055 ,- 69.5869 ,- 69.7480 ,- 58.3167 ,- 49.5091 ,- 41.2636 ,- 37.6800 , 20.8143 ,
03-13-2020 ,12:20:17 ,       9579.283, 250  ,            10  , 32  , 111  , 20.1403 ,- 27.1891 ,- 58.8362 ,- 49.0126 ,- 41.5266 ,- 65.6022 ,- 68.6795 ,- 70.6850 ,- 70.6883 ,- 70.2773 ,- 68.7025 ,- 63.7743 ,- 60.3748 ,- 52.8263 ,- 44.7354 ,- 50.3113 ,- 88.0143 ,- 86.3179 ,- 81.6165 ,- 79.1902 ,- 78.7628 ,- 72.6510 ,- 80.9524 ,- 79.0883 ,- 76.8921 ,- 69.3962 ,- 70.0307 ,- 59.3918 ,- 49.2362 ,- 41.3622 ,- 37.6800 , 22.2510 ,
03-13-2020 ,12:20:17 ,       9579.793, 250  ,            10  , 32  , 111  , 21.5244 ,- 24.6247 ,- 55.6011 ,- 47.0893 ,- 40.6356 ,- 63.9288 ,- 67.8904 ,- 69.0937 ,- 69.1398 ,- 68.9820 ,- 67.4992 ,- 62.6894 ,- 58.7869 ,- 52.7277 ,- 44.2619 ,- 51.8729 ,- 89.2899 ,- 86.8866 ,- 81.7151 ,- 79.1902 ,- 78.6674 ,- 71.8652 ,- 79.9595 ,- 78.6050 ,- 76.3102 ,- 69.1135 ,- 69.1858 ,- 58.2181 ,- 48.9633 ,- 40.6685 ,- 37.3808 , 21.1956 ,
03-13-2020 ,12:20:18 ,       9580.346, 250  ,            10  , 32  , 111  , 19.5452 ,- 24.3419 ,- 56.1239 ,- 47.5693 ,- 41.2274 ,- 65.7009 ,- 68.7781 ,- 70.5863 ,- 71.0762 ,- 70.5765 ,- 69.2055 ,- 64.4680 ,- 60.6740 ,- 52.4318 ,- 45.7808 ,- 51.9715 ,- 87.6231 ,- 84.7003 ,- 79.9595 ,- 77.1748 ,- 76.3036 ,- 70.4910 ,- 78.2696 ,- 76.9611 ,- 74.7617 ,- 67.3085 ,- 67.3085 ,- 56.2652 ,- 47.7798 ,- 40.5699 ,- 37.9759 , 21.5803 ,
03-13-2020 ,12:20:19 ,       9580.819, 250  ,            10  , 32  , 111  , 19.2493 ,- 26.6236 ,- 57.2713 ,- 48.0493 ,- 40.6356 ,- 64.0274 ,- 66.9041 ,- 68.7946 ,- 68.6565 ,- 68.1831 ,- 66.7989 ,- 62.2948 ,- 58.9841 ,- 50.8504 ,- 44.5447 ,- 51.5803 ,- 88.9973 ,- 86.6039 ,- 81.9091 ,- 79.6274 ,- 79.3316 ,- 72.9469 ,- 80.6565 ,- 79.5715 ,- 76.6028 ,- 70.2510 ,- 70.1261 ,- 59.7830 ,- 50.1469 ,- 42.2532 ,- 37.3808 , 21.1956 ,
03-13-2020 ,12:20:19 ,       9581.313, 250  ,            10  , 32  , 111  , 20.9293 ,- 30.0395 ,- 61.3414 ,- 49.8806 ,- 41.6252 ,- 65.3096 ,- 67.9891 ,- 69.7907 ,- 70.2050 ,- 69.6789 ,- 67.9003 ,- 63.0839 ,- 60.4767 ,- 52.2346 ,- 44.0680 ,- 46.4022 ,- 86.3474 ,- 85.6505 ,- 81.2253 ,- 79.3644 ,- 78.9502 ,- 73.1441 ,- 81.6494 ,- 79.6669 ,- 77.6680 ,- 69.9683 ,- 69.6559 ,- 59.0006 ,- 49.4170 ,- 41.8587 ,- 38.2751 , 21.4849 ,
03-13-2020 ,12:20:20 ,       9581.805, 250  ,            10  , 32  , 111  , 22.0175 ,- 25.3874 ,- 56.7485 ,- 47.5693 ,- 40.7343 ,- 64.1261 ,- 67.2987 ,- 69.0937 ,- 69.0444 ,- 68.6828 ,- 67.0981 ,- 62.1962 ,- 58.8855 ,- 51.5408 ,- 44.1666 ,- 51.9715 ,- 90.0757 ,- 87.2680 ,- 82.2017 ,- 79.5420 ,- 78.2894 ,- 72.0625 ,- 79.9595 ,- 78.6050 ,- 75.3436 ,- 68.7321 ,- 69.1858 ,- 56.8504 ,- 48.4176 ,- 40.6685 ,- 37.5814 , 22.3463 ,
03-13-2020 ,12:20:20 ,       9582.312, 250  ,            10  , 32  , 111  , 19.6438 ,- 28.4252 ,- 59.1518 ,- 48.5326 ,- 40.6356 ,- 63.3370 ,- 65.8159 ,- 67.4006 ,- 67.8806 ,- 67.2855 ,- 65.9967 ,- 61.5025 ,- 58.0899 ,- 49.7622 ,- 43.7852 ,- 49.5288 ,- 86.8373 ,- 84.6083 ,- 80.0581 ,- 77.3491 ,- 76.7770 ,- 70.8855 ,- 78.4669 ,- 77.1551 ,- 74.6631 ,- 67.4959 ,- 66.9337 ,- 55.3841 ,- 47.1452 ,- 39.7743 ,- 36.7858 , 21.6756 ,
03-13-2020 ,12:20:21 ,       9582.801, 250  ,            10  , 32  , 111  , 19.9430 ,- 24.7233 ,- 55.2888 ,- 46.7047 ,- 40.0406 ,- 63.0411 ,- 66.4077 ,- 68.0976 ,- 68.1732 ,- 67.6833 ,- 66.2959 ,- 61.5025 ,- 57.8926 ,- 50.7485 ,- 43.5945 ,- 51.9715 ,- 88.9973 ,- 86.4132 ,- 81.3239 ,- 78.4899 ,- 77.7239 ,- 71.3754 ,- 79.1639 ,- 78.0263 ,- 74.8570 ,- 68.3540 ,- 68.7157 ,- 57.2417 ,- 48.2367 ,- 40.7671 ,- 36.6871 , 20.5249 ,
03-13-2020 ,12:20:21 ,       9583.315, 250  ,            10  , 32  , 111  , 19.0521 ,- 24.9107 ,- 55.8083 ,- 46.9907 ,- 40.5370 ,- 64.3233 ,- 67.1014 ,- 68.9951 ,- 69.7217 ,- 69.1792 ,- 68.2028 ,- 63.1825 ,- 59.5825 ,- 52.3332 ,- 44.8307 ,- 53.0466 ,- 89.6844 ,- 87.2680 ,- 81.9091 ,- 78.9272 ,- 78.0066 ,- 71.8652 ,- 79.7589 ,- 77.9277 ,- 76.1162 ,- 68.4461 ,- 67.7787 ,- 56.5578 ,- 48.1447 ,- 40.2707 ,- 37.1836 , 21.3896 ,
03-13-2020 ,12:20:22 ,       9583.831, 250  ,            10  , 32  , 111  , 21.5244 ,- 28.3299 ,- 59.8817 ,- 49.3019 ,- 41.5266 ,- 65.1124 ,- 67.8904 ,- 69.8894 ,- 69.5277 ,- 69.0806 ,- 67.6011 ,- 62.8866 ,- 58.8855 ,- 50.7485 ,- 44.2619 ,- 49.7228 ,- 88.2116 ,- 86.5085 ,- 81.7151 ,- 79.5420 ,- 78.9502 ,- 72.6510 ,- 80.8537 ,- 79.5715 ,- 76.5042 ,- 69.9683 ,- 70.4055 ,- 59.4904 ,- 50.0548 ,- 42.3551 ,- 37.9759 , 21.1003 ,
03-13-2020 ,12:20:22 ,       9584.293, 250  ,            10  , 32  , 111  , 22.3134 ,- 24.6247 ,- 56.7485 ,- 47.7600 ,- 40.9315 ,- 64.3233 ,- 67.3973 ,- 68.8932 ,- 69.5277 ,- 68.8833 ,- 67.8017 ,- 62.5907 ,- 58.9841 ,- 52.2346 ,- 44.4493 ,- 53.4378 ,- 91.0554 ,- 88.2181 ,- 83.0795 ,- 80.1535 ,- 79.1409 ,- 72.7496 ,- 80.8537 ,- 78.8943 ,- 76.6028 ,- 69.2055 ,- 69.1858 ,- 58.3167 ,- 48.7825 ,- 41.1650 ,- 37.4795 , 22.5370 ,
03-13-2020 ,12:20:23 ,       9584.795, 250  ,            10  , 32  , 111  , 20.1403 ,- 22.2510 ,- 53.0959 ,- 45.9321 ,- 40.0406 ,- 63.0411 ,- 66.5063 ,- 68.5940 ,- 69.2384 ,- 68.5809 ,- 67.4006 ,- 62.6894 ,- 59.1847 ,- 50.7485 ,- 44.6400 ,- 56.2685 ,- 93.2154 ,- 89.0762 ,- 83.4674 ,- 79.8905 ,- 78.8581 ,- 72.1611 ,- 79.8576 ,- 78.5063 ,- 75.7283 ,- 68.6367 ,- 69.3732 ,- 57.1430 ,- 48.4176 ,- 40.6685 ,- 37.4795 , 21.7710 ,
03-13-2020 ,12:20:23 ,       9585.327, 250  ,            10  , 32  , 111  , 20.2389 ,- 26.8110 ,- 57.4817 ,- 47.8587 ,- 40.5370 ,- 63.7315 ,- 66.4077 ,- 68.1995 ,- 68.3639 ,- 67.9825 ,- 66.5984 ,- 62.1962 ,- 58.8855 ,- 50.4526 ,- 44.0680 ,- 50.3113 ,- 88.0143 ,- 85.5584 ,- 80.9326 ,- 78.1381 ,- 77.5332 ,- 71.4740 ,- 79.2625 ,- 77.5398 ,- 75.3436 ,- 68.0680 ,- 67.7787 ,- 56.9491 ,- 48.1447 ,- 40.3693 ,- 37.2822 , 21.0049 ,
03-13-2020 ,12:20:24 ,       9585.811, 250  ,            10  , 32  , 111  , 21.1266 ,- 23.7732 ,- 54.9732 ,- 46.6061 ,- 39.7447 ,- 63.5343 ,- 66.5063 ,- 68.3968 ,- 68.7518 ,- 68.1831 ,- 66.8976 ,- 62.1962 ,- 58.4877 ,- 50.5513 ,- 43.7852 ,- 53.4378 ,- 89.8817 ,- 87.3633 ,- 81.8105 ,- 78.9272 ,- 77.7239 ,- 71.6713 ,- 79.4631 ,- 78.2170 ,- 75.0510 ,- 68.1633 ,- 68.4329 ,- 57.0444 ,- 47.9639 ,- 40.1721 ,- 36.9863 , 21.1003 ,
03-13-2020 ,12:20:24 ,       9586.297, 250  ,            10  , 32  , 111  , 21.2252 ,- 26.4296 ,- 57.6888 ,- 47.8587 ,- 40.7343 ,- 63.6329 ,- 66.6083 ,- 68.3968 ,- 68.3639 ,- 67.6833 ,- 66.0987 ,- 61.7984 ,- 58.7869 ,- 50.8504 ,- 43.7852 ,- 50.7025 ,- 88.5074 ,- 86.4132 ,- 81.2253 ,- 78.6642 ,- 78.1020 ,- 71.6713 ,- 79.6603 ,- 78.7990 ,- 75.7283 ,- 68.9228 ,- 68.8110 ,- 57.8269 ,- 48.5096 ,- 40.5699 ,- 36.9863 , 21.7710 ,
03-13-2020 ,12:20:25 ,       9586.811, 250  ,            10  , 32  , 111  , 20.0417 ,- 24.4373 ,- 55.3940 ,- 47.0893 ,- 40.5370 ,- 64.4220 ,- 67.0028 ,- 68.9951 ,- 69.4291 ,- 69.2811 ,- 67.6998 ,- 62.8866 ,- 58.6883 ,- 52.0340 ,- 44.5447 ,- 52.4581 ,- 89.3885 ,- 86.5085 ,- 81.4192 ,- 78.2269 ,- 77.3458 ,- 71.4740 ,- 79.2625 ,- 77.4444 ,- 74.5677 ,- 67.8773 ,- 68.5283 ,- 56.6565 ,- 47.5069 ,- 40.5699 ,- 36.8877 , 20.9096 ,
03-13-2020 ,12:20:25 ,       9587.312, 250  ,            10  , 32  , 111  , 21.2252 ,- 26.0515 ,- 57.6888 ,- 47.9540 ,- 41.1288 ,- 64.2247 ,- 67.3973 ,- 69.0937 ,- 69.4291 ,- 68.8833 ,- 67.4992 ,- 62.4921 ,- 59.2833 ,- 53.2209 ,- 44.5447 ,- 51.1891 ,- 88.8987 ,- 86.4132 ,- 81.6165 ,- 78.7529 ,- 78.0066 ,- 71.8652 ,- 79.5617 ,- 78.4110 ,- 75.3436 ,- 68.8274 ,- 68.5283 ,- 57.3403 ,- 48.6017 ,- 40.6685 ,- 37.6800 , 20.2389 ,
03-13-2020 ,12:20:26 ,       9587.845, 250  ,            10  , 32  , 111  , 20.6334 ,- 27.2844 ,- 58.3167 ,- 48.4340 ,- 40.9315 ,- 64.8165 ,- 67.4959 ,- 69.6888 ,- 69.8170 ,- 69.4817 ,- 68.1009 ,- 62.9852 ,- 59.2833 ,- 51.3436 ,- 44.0680 ,- 49.1376 ,- 87.0346 ,- 85.7491 ,- 80.9326 ,- 78.7529 ,- 78.3847 ,- 72.5524 ,- 80.5546 ,- 78.8943 ,- 76.5042 ,- 69.3009 ,- 69.9387 ,- 58.3167 ,- 48.8713 ,- 40.9644 ,- 36.8877 , 21.1003 ,
03-13-2020 ,12:20:26 ,       9588.323, 250  ,            10  , 32  , 111  , 20.8307 ,- 26.8110 ,- 57.6888 ,- 48.4340 ,- 40.9315 ,- 64.5206 ,- 67.4959 ,- 69.5902 ,- 69.6231 ,- 68.9820 ,- 67.6011 ,- 63.0839 ,- 59.2833 ,- 51.6395 ,- 44.2619 ,- 49.1376 ,- 87.1332 ,- 85.5584 ,- 81.2253 ,- 78.9272 ,- 78.2894 ,- 72.0625 ,- 80.0581 ,- 78.8943 ,- 76.3102 ,- 69.3009 ,- 68.9984 ,- 58.6093 ,- 49.1474 ,- 41.1650 ,- 37.5814 , 20.9096 ,
03-13-2020 ,12:20:27 ,       9588.876, 250  ,            10  , 32  , 111  , 21.5244 ,- 23.1058 ,- 54.6609 ,- 46.5107 ,- 40.2378 ,- 64.2247 ,- 67.1014 ,- 69.3896 ,- 69.8170 ,- 69.1792 ,- 67.9003 ,- 63.0839 ,- 59.1847 ,- 52.2346 ,- 44.4493 ,- 54.3156 ,- 92.1370 ,- 88.7902 ,- 83.2735 ,- 79.9792 ,- 79.0455 ,- 72.8483 ,- 80.5546 ,- 78.7990 ,- 76.6981 ,- 69.0181 ,- 69.5606 ,- 56.9491 ,- 48.0559 ,- 40.2707 ,- 37.3808 , 21.2910 ,
03-13-2020 ,12:20:27 ,       9589.325, 250  ,            10  , 32  , 111  , 20.8307 ,- 24.2466 ,- 57.2713 ,- 48.9173 ,- 42.2170 ,- 66.1940 ,- 69.0740 ,- 70.7836 ,- 71.0762 ,- 70.4778 ,- 68.8044 ,- 63.8729 ,- 59.8817 ,- 51.8367 ,- 45.7808 ,- 56.9524 ,- 94.0011 ,- 90.2170 ,- 83.9540 ,- 80.1535 ,- 79.2362 ,- 72.1611 ,- 79.7589 ,- 78.4110 ,- 75.4389 ,- 68.7321 ,- 68.3409 ,- 57.6329 ,- 49.1474 ,- 41.6614 ,- 36.6871 , 20.2389 ,
03-13-2020 ,12:20:28 ,       9589.826, 250  ,            10  , 32  , 111  , 20.6334 ,- 29.9441 ,- 60.7167 ,- 49.3019 ,- 41.0302 ,- 64.2247 ,- 66.8055 ,- 68.6959 ,- 68.6565 ,- 68.2850 ,- 66.7003 ,- 61.9989 ,- 58.7869 ,- 50.6499 ,- 42.4537 ,- 46.3036 ,- 84.9732 ,- 84.1316 ,- 80.0581 ,- 77.9639 ,- 77.6285 ,- 72.0625 ,- 80.0581 ,- 78.0263 ,- 76.3102 ,- 68.8274 ,- 69.0904 ,- 57.4356 ,- 48.6017 ,- 41.4608 ,- 36.9863 , 21.7710 ,
03-13-2020 ,12:20:28 ,       9590.358, 250  ,            10  , 32  , 111  , 20.3375 ,- 25.0060 ,- 56.2291 ,- 47.8587 ,- 41.0302 ,- 64.7178 ,- 68.2850 ,- 69.8894 ,- 70.1096 ,- 69.7809 ,- 68.2028 ,- 63.3798 ,- 60.2762 ,- 52.2346 ,- 45.4948 ,- 51.5803 ,- 88.5074 ,- 85.8444 ,- 80.5447 ,- 78.4899 ,- 77.8192 ,- 71.4740 ,- 79.2625 ,- 78.3157 ,- 75.3436 ,- 68.9228 ,- 68.6236 ,- 57.5343 ,- 49.1474 ,- 41.0663 ,- 38.3737 , 21.3896 ,
03-13-2020 ,12:20:29 ,       9590.823, 250  ,            10  , 32  , 111  , 20.5348 ,- 21.6822 ,- 53.4082 ,- 46.3167 ,- 40.5370 ,- 64.8165 ,- 67.9891 ,- 70.3858 ,- 70.9809 ,- 70.7770 ,- 69.6066 ,- 64.6652 ,- 60.7726 ,- 53.3228 ,- 46.3496 ,- 56.1732 ,- 93.0181 ,- 89.2636 ,- 83.6614 ,- 80.2422 ,- 78.9502 ,- 72.7496 ,- 80.2587 ,- 78.6050 ,- 76.1162 ,- 68.6367 ,- 68.8110 ,- 56.7518 ,- 48.2367 ,- 40.7671 ,- 37.4795 , 22.0570 ,
03-13-2020 ,12:20:29 ,       9591.312, 250  ,            10  , 32  , 111  , 20.2389 ,- 27.9518 ,- 58.8362 ,- 49.1080 ,- 41.3260 ,- 65.0104 ,- 67.7918 ,- 69.5902 ,- 69.6231 ,- 69.1792 ,- 67.6998 ,- 62.9852 ,- 59.1847 ,- 51.9354 ,- 45.2088 ,- 50.1140 ,- 88.5074 ,- 86.6039 ,- 82.1031 ,- 79.8050 ,- 79.1409 ,- 72.9469 ,- 81.0510 ,- 80.0548 ,- 76.6981 ,- 70.5370 ,- 70.6883 ,- 59.5858 ,- 50.2356 ,- 41.9573 ,- 37.5814 , 20.7189 ,
03-13-2020 ,12:20:30 ,       9591.828, 250  ,            10  , 32  , 111  , 20.4362 ,- 26.1469 ,- 56.9589 ,- 47.5693 ,- 40.3365 ,- 63.5343 ,- 66.3091 ,- 68.4954 ,- 68.8504 ,- 68.3836 ,- 66.7989 ,- 62.5907 ,- 58.8855 ,- 51.6395 ,- 43.9759 ,- 48.8450 ,- 87.3305 ,- 85.6505 ,- 81.1299 ,- 78.7529 ,- 78.1940 ,- 72.0625 ,- 80.1568 ,- 78.4110 ,- 76.1162 ,- 68.7321 ,- 68.5283 ,- 56.6565 ,- 48.1447 ,- 40.6685 ,- 37.2822 , 22.4417 ,
03-13-2020 ,12:20:30 ,       9592.34, 250  ,             10  , 32  , 111  , 19.0521 ,- 26.6236 ,- 57.6888 ,- 48.2433 ,- 41.1288 ,- 64.9118 ,- 68.0877 ,- 69.7907 ,- 70.1096 ,- 69.5803 ,- 68.1009 ,- 63.3798 ,- 59.2833 ,- 52.3332 ,- 44.5447 ,- 49.6274 ,- 86.4461 ,- 84.8910 ,- 80.9326 ,- 78.9272 ,- 78.4800 ,- 72.1611 ,- 80.2587 ,- 79.2822 ,- 76.2148 ,- 69.5869 ,- 69.5606 ,- 60.0756 ,- 50.2356 ,- 42.2532 ,- 37.7787 , 20.4296 ,
03-13-2020 ,12:20:31 ,       9592.841, 250  ,            10  , 32  , 111  , 19.8411 ,- 29.9441 ,- 61.3414 ,- 49.8806 ,- 41.6252 ,- 65.0104 ,- 67.5946 ,- 69.2910 ,- 69.4291 ,- 68.7814 ,- 67.6011 ,- 63.0839 ,- 59.1847 ,- 51.5408 ,- 44.7354 ,- 47.1847 ,- 85.4631 ,- 84.8910 ,- 81.1299 ,- 79.5420 ,- 79.3316 ,- 73.5354 ,- 82.2444 ,- 80.5381 ,- 78.7332 ,- 70.9184 ,- 70.5009 ,- 60.5655 ,- 50.2356 ,- 42.5524 ,- 38.0745 , 20.5249 ,
03-13-2020 ,12:20:31 ,       9593.324, 250  ,            10  , 32  , 111  , 23.1058 ,- 26.8110 ,- 59.1518 ,- 49.0126 ,- 41.1288 ,- 64.9118 ,- 68.0877 ,- 69.4915 ,- 69.4291 ,- 69.3798 ,- 67.6998 ,- 63.0839 ,- 59.0828 ,- 51.5408 ,- 44.1666 ,- 49.5288 ,- 88.0143 ,- 86.3179 ,- 81.9091 ,- 79.6274 ,- 78.9502 ,- 72.7496 ,- 80.8537 ,- 79.5715 ,- 76.3102 ,- 70.2510 ,- 70.5009 ,- 59.8817 ,- 49.3282 ,- 41.5595 ,- 37.4795 , 20.8143 ,
03-13-2020 ,12:20:32 ,       9593.845, 250  ,            10  , 32  , 111  , 20.6334 ,- 26.7156 ,- 58.3167 ,- 48.2433 ,- 40.5370 ,- 64.1261 ,- 67.2000 ,- 68.8932 ,- 69.2384 ,- 68.7814 ,- 67.4992 ,- 62.8866 ,- 59.0828 ,- 51.0477 ,- 44.8307 ,- 49.8214 ,- 88.6061 ,- 86.6039 ,- 81.8105 ,- 79.2789 ,- 78.1940 ,- 72.2598 ,- 80.7551 ,- 78.8943 ,- 76.6028 ,- 69.2055 ,- 68.6236 ,- 57.2417 ,- 48.9633 ,- 40.9644 ,- 37.1836 , 21.5803 ,
03-13-2020 ,12:20:32 ,       9594.362, 250  ,            10  , 32  , 111  , 19.1507 ,- 23.8652 ,- 54.0362 ,- 46.2214 ,- 40.2378 ,- 63.8302 ,- 67.2000 ,- 69.3896 ,- 69.8170 ,- 69.3798 ,- 68.0022 ,- 62.7880 ,- 58.9841 ,- 51.4422 ,- 43.9759 ,- 52.8493 ,- 89.0927 ,- 86.5085 ,- 81.3239 ,- 78.7529 ,- 78.1940 ,- 71.8652 ,- 79.8576 ,- 78.7003 ,- 75.9222 ,- 69.3962 ,- 69.4685 ,- 58.6093 ,- 49.3282 ,- 41.5595 ,- 36.8877 , 20.4296 ,
03-13-2020 ,12:20:33 ,       9594.84, 250  ,             10  , 32  , 111  , 21.4258 ,- 27.2844 ,- 58.5239 ,- 48.4340 ,- 40.7343 ,- 63.9288 ,- 66.9041 ,- 68.3968 ,- 69.1398 ,- 68.2850 ,- 66.7989 ,- 62.3935 ,- 58.5896 ,- 50.4526 ,- 43.8806 ,- 49.4302 ,- 88.0143 ,- 85.8444 ,- 81.2253 ,- 78.9272 ,- 78.3847 ,- 72.2598 ,- 80.4559 ,- 78.7990 ,- 76.1162 ,- 69.2055 ,- 68.6236 ,- 57.4356 ,- 48.4176 ,- 40.1721 ,- 37.3808 , 20.9096 ,
03-13-2020 ,12:20:33 ,       9595.351, 250  ,            10  , 32  , 111  , 21.7217 ,- 25.9562 ,- 57.1661 ,- 47.7600 ,- 40.4351 ,- 64.0274 ,- 66.7069 ,- 68.6959 ,- 68.7518 ,- 68.2850 ,- 66.4965 ,- 61.9989 ,- 57.9913 ,- 51.1463 ,- 43.6899 ,- 50.6039 ,- 89.0927 ,- 87.0773 ,- 82.3003 ,- 79.5420 ,- 78.8581 ,- 72.6510 ,- 80.7551 ,- 79.3776 ,- 76.3102 ,- 69.6822 ,- 70.3135 ,- 58.5140 ,- 48.5096 ,- 40.9644 ,- 36.6871 , 23.1123 ,
03-13-2020 ,12:20:34 ,       9595.859, 250  ,            10  , 32  , 111  , 17.4707 ,- 24.1512 ,- 54.0362 ,- 45.5474 ,- 39.7447 ,- 62.7452 ,- 65.8159 ,- 68.0976 ,- 68.3639 ,- 67.8839 ,- 66.7989 ,- 62.2948 ,- 58.8855 ,- 50.9491 ,- 44.8307 ,- 54.9009 ,- 90.9601 ,- 88.1228 ,- 82.7836 ,- 79.5420 ,- 79.2362 ,- 72.4570 ,- 80.1568 ,- 79.0883 ,- 76.6028 ,- 69.4915 ,- 68.8110 ,- 57.2417 ,- 48.6904 ,- 40.6685 ,- 37.2822 , 21.2910 ,
03-13-2020 ,12:20:34 ,       9596.346, 250  ,            10  , 32  , 111  , 20.8307 ,- 24.8186 ,- 55.2888 ,- 46.6061 ,- 40.1392 ,- 63.5343 ,- 66.6083 ,- 68.7946 ,- 69.0444 ,- 68.5809 ,- 67.4006 ,- 62.7880 ,- 58.5896 ,- 51.1463 ,- 44.4493 ,- 53.0466 ,- 91.0554 ,- 88.1228 ,- 82.9809 ,- 79.9792 ,- 79.3316 ,- 73.1441 ,- 80.6565 ,- 79.4762 ,- 76.6981 ,- 69.3009 ,- 69.7480 ,- 58.0241 ,- 49.0554 ,- 41.7600 ,- 37.2822 , 21.9617 ,
03-13-2020 ,12:20:35 ,       9596.871, 250  ,            10  , 32  , 111  , 21.2252 ,- 27.8565 ,- 58.7343 ,- 48.1480 ,- 40.8329 ,- 63.8302 ,- 66.9041 ,- 68.5940 ,- 68.5611 ,- 68.1831 ,- 66.7989 ,- 62.0976 ,- 58.6883 ,- 51.9354 ,- 43.7852 ,- 46.4022 ,- 84.6806 ,- 83.4642 ,- 79.7655 ,- 77.3491 ,- 77.5332 ,- 71.1781 ,- 79.5617 ,- 78.2170 ,- 75.4389 ,- 68.8274 ,- 67.9661 ,- 58.7080 ,- 48.8713 ,- 40.8658 ,- 37.7787 , 20.8143 ,
03-13-2020 ,12:20:35 ,       9597.337, 250  ,            10  , 32  , 111  , 19.9430 ,- 23.2965 ,- 54.2433 ,- 46.2214 ,- 40.1392 ,- 63.5343 ,- 66.5063 ,- 68.7946 ,- 69.0444 ,- 68.7814 ,- 67.3020 ,- 62.4921 ,- 58.6883 ,- 51.2450 ,- 43.9759 ,- 54.6082 ,- 90.7628 ,- 87.2680 ,- 82.2017 ,- 78.7529 ,- 77.8192 ,- 71.4740 ,- 79.7589 ,- 77.8291 ,- 74.9557 ,- 68.0680 ,- 68.3409 ,- 56.8504 ,- 47.9639 ,- 40.3693 ,- 36.9863 , 21.5803 ,
03-13-2020 ,12:20:36 ,       9597.868, 250  ,            10  , 32  , 111  , 20.1403 ,- 24.7233 ,- 56.9589 ,- 47.9540 ,- 41.0302 ,- 64.5206 ,- 67.4959 ,- 69.7907 ,- 69.7217 ,- 69.1792 ,- 67.8017 ,- 62.9852 ,- 59.6811 ,- 51.6395 ,- 45.1167 ,- 54.3156 ,- 90.9601 ,- 88.0274 ,- 82.9809 ,- 79.7162 ,- 78.8581 ,- 72.1611 ,- 80.0581 ,- 78.6050 ,- 76.1162 ,- 68.9228 ,- 68.5283 ,- 57.7282 ,- 49.3282 ,- 41.4608 ,- 38.0745 , 21.2910 ,
03-13-2020 ,12:20:36 ,       9598.372, 250  ,            10  , 32  , 111  , 23.1058 ,- 24.2466 ,- 55.6011 ,- 46.6061 ,- 39.9419 ,- 63.0411 ,- 66.0165 ,- 68.0976 ,- 68.2685 ,- 68.1831 ,- 66.4965 ,- 61.9989 ,- 58.3891 ,- 50.1567 ,- 43.2132 ,- 52.6554 ,- 91.4499 ,- 88.4088 ,- 83.0795 ,- 79.9792 ,- 78.9502 ,- 72.6510 ,- 80.6565 ,- 78.7990 ,- 76.2148 ,- 68.8274 ,- 68.8110 ,- 56.8504 ,- 47.6910 ,- 40.2707 ,- 36.3913 , 21.5803 ,
03-13-2020 ,12:20:37 ,       9598.854, 250  ,            10  , 32  , 111  , 20.5348 ,- 28.4252 ,- 59.1518 ,- 48.9173 ,- 40.7343 ,- 63.2384 ,- 66.1118 ,- 67.6011 ,- 67.3973 ,- 66.5885 ,- 65.4970 ,- 60.6148 ,- 57.1956 ,- 49.5617 ,- 43.3085 ,- 47.4773 ,- 84.8746 ,- 83.7502 ,- 79.3743 ,- 77.5233 ,- 77.2505 ,- 70.9841 ,- 79.1639 ,- 78.2170 ,- 75.2450 ,- 68.5414 ,- 68.4329 ,- 59.1978 ,- 49.6011 ,- 41.4608 ,- 37.1836 , 20.1436 ,
03-13-2020 ,12:20:37 ,       9599.369, 250  ,            10  , 32  , 111  , 19.0521 ,- 26.3375 ,- 56.5414 ,- 47.1847 ,- 40.0406 ,- 63.4356 ,- 65.9178 ,- 67.9989 ,- 68.1732 ,- 67.8839 ,- 66.3978 ,- 61.9989 ,- 58.1885 ,- 50.8504 ,- 44.1666 ,- 50.1140 ,- 86.3474 ,- 84.1316 ,- 79.5683 ,- 76.9118 ,- 76.0209 ,- 70.4910 ,- 78.0691 ,- 76.6718 ,- 74.4691 ,- 66.9272 ,- 67.1211 ,- 55.2888 ,- 47.0532 ,- 39.6756 ,- 36.5885 , 20.5249 ,
03-13-2020 ,12:20:38 ,       9599.943, 250  ,            10  , 32  , 111  , 21.9189 ,- 28.1392 ,- 59.3589 ,- 48.7233 ,- 40.6356 ,- 63.7315 ,- 66.3091 ,- 68.2981 ,- 68.1732 ,- 67.4861 ,- 65.6943 ,- 61.5025 ,- 57.6921 ,- 50.9491 ,- 42.9304 ,- 45.3271 ,- 83.4050 ,- 83.2768 ,- 79.0817 ,- 77.3491 ,- 77.2505 ,- 70.8855 ,- 79.3644 ,- 78.7003 ,- 75.3436 ,- 69.0181 ,- 68.8110 ,- 59.9770 ,- 49.0554 ,- 41.0663 ,- 36.8877 , 21.3896 ,
03-13-2020 ,12:20:38 ,       9600.386, 250  ,            10  , 32  , 111  , 23.5003 ,- 26.4296 ,- 58.3167 ,- 47.8587 ,- 40.3365 ,- 63.5343 ,- 66.2104 ,- 67.7984 ,- 68.3639 ,- 67.6833 ,- 66.7003 ,- 61.6011 ,- 57.4948 ,- 49.6636 ,- 43.6899 ,- 49.9200 ,- 89.2899 ,- 87.0773 ,- 81.9091 ,- 79.2789 ,- 78.2894 ,- 72.1611 ,- 80.1568 ,- 78.2170 ,- 75.7283 ,- 68.2554 ,- 67.6833 ,- 56.6565 ,- 47.5069 ,- 40.3693 ,- 35.9934 , 22.1556 ,
03-13-2020 ,12:20:39 ,       9600.971, 250  ,            10  , 32  , 111  , 21.9189 ,- 27.0970 ,- 58.5239 ,- 48.2433 ,- 40.8329 ,- 63.3370 ,- 65.9178 ,- 67.6998 ,- 67.3973 ,- 67.0850 ,- 65.1946 ,- 60.7135 ,- 57.0970 ,- 49.3644 ,- 43.3085 ,- 49.2362 ,- 87.1332 ,- 84.8910 ,- 79.9595 ,- 77.6121 ,- 76.5896 ,- 70.2970 ,- 77.9705 ,- 77.0565 ,- 74.0844 ,- 67.5913 ,- 67.8707 ,- 56.3606 ,- 47.9639 ,- 40.0734 ,- 36.6871 , 21.6756 ,
03-13-2020 ,12:20:39 ,       9601.354, 250  ,            10  , 32  , 111  , 22.1162 ,- 26.4296 ,- 57.6888 ,- 47.7600 ,- 40.0406 ,- 63.2384 ,- 66.0165 ,- 67.6011 ,- 67.8806 ,- 67.3874 ,- 65.9967 ,- 61.6998 ,- 57.6921 ,- 50.1567 ,- 43.3085 ,- 48.6477 ,- 86.5447 ,- 84.7003 ,- 79.9595 ,- 77.4379 ,- 76.9677 ,- 71.0828 ,- 79.0652 ,- 77.1551 ,- 75.1463 ,- 67.7820 ,- 67.5913 ,- 56.2652 ,- 47.3261 ,- 40.0734 ,- 36.0921 , 21.2910 ,
03-13-2020 ,12:20:40 ,       9601.896, 250  ,            10  , 32  , 111  , 20.7321 ,- 22.3463 ,- 52.8855 ,- 45.2581 ,- 39.4455 ,- 62.4493 ,- 65.9178 ,- 68.1995 ,- 68.3639 ,- 68.0844 ,- 66.8976 ,- 61.9989 ,- 58.3891 ,- 51.3436 ,- 44.4493 ,- 54.7069 ,- 92.3310 ,- 88.7902 ,- 82.8822 ,- 79.7162 ,- 78.5754 ,- 71.9639 ,- 79.7589 ,- 78.5063 ,- 75.5343 ,- 68.6367 ,- 69.0904 ,- 57.1430 ,- 48.5096 ,- 40.5699 ,- 37.0850 , 21.8663 ,
03-13-2020 ,12:20:40 ,       9602.383, 250  ,            10  , 32  , 111  , 21.7217 ,- 30.1348 ,- 61.5518 ,- 50.0713 ,- 41.3260 ,- 64.5206 ,- 67.2000 ,- 68.7946 ,- 68.9458 ,- 68.6828 ,- 66.7989 ,- 62.3935 ,- 58.5896 ,- 51.0477 ,- 44.5447 ,- 44.5447 ,- 83.4050 ,- 83.2768 ,- 79.4729 ,- 77.9639 ,- 77.9113 ,- 72.0625 ,- 80.4559 ,- 79.0883 ,- 76.8921 ,- 69.4915 ,- 69.4685 ,- 57.8269 ,- 49.5091 ,- 41.3622 ,- 36.8877 , 20.9096 ,
03-13-2020 ,12:20:41 ,       9602.836, 250  ,            10  , 32  , 111  , 20.0417 ,- 28.2345 ,- 58.8362 ,- 48.9173 ,- 41.1288 ,- 64.6192 ,- 67.3973 ,- 69.1924 ,- 69.0444 ,- 68.7814 ,- 67.0981 ,- 62.1962 ,- 58.5896 ,- 50.8504 ,- 43.2132 ,- 47.8685 ,- 85.1705 ,- 84.5129 ,- 80.1535 ,- 78.4899 ,- 78.0066 ,- 72.0625 ,- 80.3573 ,- 79.1836 ,- 76.3102 ,- 69.4915 ,- 70.3135 ,- 59.2932 ,- 50.2356 ,- 42.0559 ,- 37.2822 , 21.7710 ,
03-13-2020 ,12:20:41 ,       9603.347, 250  ,            10  , 32  , 111  , 19.2493 ,- 28.2345 ,- 59.1518 ,- 48.7233 ,- 41.1288 ,- 64.4220 ,- 67.2000 ,- 68.6959 ,- 68.8504 ,- 68.4822 ,- 67.2000 ,- 62.7880 ,- 59.0828 ,- 50.7485 ,- 44.6400 ,- 50.5052 ,- 88.1129 ,- 86.1272 ,- 81.6165 ,- 79.4532 ,- 78.7628 ,- 72.4570 ,- 80.3573 ,- 79.1836 ,- 76.6981 ,- 69.4915 ,- 68.7157 ,- 58.0241 ,- 49.1474 ,- 41.3622 ,- 37.1836 , 21.8663 ,
03-13-2020 ,12:20:42 ,       9603.898, 250  ,            10  , 32  , 111  , 19.7425 ,- 26.0515 ,- 57.0609 ,- 47.6647 ,- 41.1288 ,- 64.8165 ,- 67.8904 ,- 69.7907 ,- 69.8170 ,- 69.1792 ,- 68.1009 ,- 63.3798 ,- 59.0828 ,- 50.8504 ,- 44.9261 ,- 53.5332 ,- 90.2729 ,- 87.1727 ,- 81.9091 ,- 79.3644 ,- 78.1940 ,- 71.4740 ,- 79.6603 ,- 78.4110 ,- 75.3436 ,- 68.7321 ,- 69.0904 ,- 57.3403 ,- 48.7825 ,- 41.9573 ,- 37.6800 , 19.9529 ,
