03-13-2020 ,12:21:56 ,       9677.857, 250  ,            10  , 32  , 111  , 20.6630 ,- 42.5491 ,- 76.8757 ,- 59.2899 ,- 47.5529 ,- 72.8877 ,- 74.5874 ,- 75.2548 ,- 74.9195 ,- 73.6603 ,- 71.6910 ,- 66.3255 ,- 62.5546 ,- 50.6663 ,- 44.0450 ,- 30.0526 ,- 66.9239 ,- 68.9261 ,- 67.4729 ,- 67.3381 ,- 68.6663 ,- 64.8066 ,- 72.9140 ,- 71.8422 ,- 70.2083 ,- 63.7874 ,- 64.8625 ,- 56.4658 ,- 47.2340 ,- 40.8658 ,- 37.2954 , 20.9096 ,
03-13-2020 ,12:21:56 ,       9678.307, 250  ,            10  , 32  , 111  , 18.3880 ,- 43.6899 ,- 75.8335 ,- 58.4219 ,- 46.6619 ,- 70.6225 ,- 72.7102 ,- 73.5617 ,- 72.8877 ,- 71.8652 ,- 69.5836 ,- 64.3496 ,- 60.1677 ,- 49.9726 ,- 43.1902 ,- 27.4159 ,- 62.8998 ,- 66.3617 ,- 65.3294 ,- 65.9376 ,- 67.8148 ,- 63.6296 ,- 71.8192 ,- 71.4576 ,- 69.6296 ,- 64.3562 ,- 64.2050 ,- 56.5644 ,- 48.2367 ,- 40.7639 ,- 36.7989 , 21.1036 ,
03-13-2020 ,12:21:57 ,       9678.82, 250  ,             10  , 32  , 111  , 16.9052 ,- 40.5534 ,- 72.8055 ,- 56.4987 ,- 45.7710 ,- 70.6225 ,- 72.1184 ,- 72.8680 ,- 72.8877 ,- 71.5628 ,- 69.7874 ,- 64.3496 ,- 59.8718 ,- 50.9622 ,- 44.2356 ,- 34.3529 ,- 68.7880 ,- 70.0669 ,- 67.6669 ,- 67.3381 ,- 68.1962 ,- 64.0209 ,- 71.6220 ,- 70.7803 ,- 69.0477 ,- 62.1732 ,- 63.0773 ,- 54.8022 ,- 46.2345 ,- 39.8729 ,- 36.7989 , 20.8143 ,
03-13-2020 ,12:21:57 ,       9679.361, 250  ,            10  , 32  , 111  , 19.3775 ,- 40.4614 ,- 73.6406 ,- 57.7513 ,- 46.9611 ,- 72.2959 ,- 73.9957 ,- 75.0543 ,- 74.0483 ,- 73.0620 ,- 70.7869 ,- 65.6318 ,- 61.6603 ,- 51.6559 ,- 44.7091 ,- 33.3765 ,- 68.4921 ,- 69.8762 ,- 67.6669 ,- 67.4269 ,- 68.5710 ,- 64.0209 ,- 72.2170 ,- 72.0362 ,- 70.0176 ,- 64.2641 ,- 64.3003 ,- 56.9524 ,- 47.6910 ,- 40.6652 ,- 37.6932 , 20.9096 ,
03-13-2020 ,12:21:58 ,       9680.157, 250  ,            10  , 32  , 111  , 18.0921 ,- 44.5447 ,- 76.8757 ,- 58.8066 ,- 46.6619 ,- 71.8061 ,- 73.3052 ,- 74.2587 ,- 73.6603 ,- 72.3617 ,- 70.4877 ,- 65.5332 ,- 61.3611 ,- 50.5677 ,- 43.2855 ,- 26.0482 ,- 61.8214 ,- 65.2176 ,- 64.6455 ,- 65.5858 ,- 67.2494 ,- 63.9222 ,- 72.0165 ,- 71.1650 ,- 69.8203 ,- 63.3140 ,- 64.1129 ,- 56.3672 ,- 47.5102 ,- 40.4680 ,- 36.8976 , 21.0049 ,
03-13-2020 ,12:21:58 ,       9680.338, 250  ,            10  , 32  , 111  , 19.4762 ,- 43.3085 ,- 76.5633 ,- 59.0006 ,- 47.2570 ,- 71.8061 ,- 73.6011 ,- 74.1600 ,- 73.8543 ,- 72.6609 ,- 70.1852 ,- 65.5332 ,- 61.4598 ,- 50.3671 ,- 44.0450 ,- 29.0762 ,- 65.3524 ,- 68.1666 ,- 66.3025 ,- 66.6378 ,- 67.9102 ,- 63.8269 ,- 71.8192 ,- 71.6515 ,- 69.0477 ,- 63.6921 ,- 63.8302 ,- 57.1496 ,- 47.3261 ,- 39.9715 ,- 36.9995 , 20.9096 ,
03-13-2020 ,12:21:59 ,       9680.841, 250  ,            10  , 32  , 111  , 18.7825 ,- 45.3995 ,- 78.6510 ,- 60.2532 ,- 47.7534 ,- 72.4965 ,- 73.9957 ,- 74.8570 ,- 73.9496 ,- 72.9600 ,- 70.9874 ,- 65.6318 ,- 61.7589 ,- 50.3671 ,- 43.4762 ,- 27.1233 ,- 62.9984 ,- 66.1710 ,- 65.2307 ,- 66.1118 ,- 67.9102 ,- 64.4154 ,- 72.2170 ,- 71.7469 ,- 70.3069 ,- 63.7874 ,- 64.3003 ,- 56.7584 ,- 47.7830 ,- 40.3693 ,- 37.2954 , 21.2943 ,
03-13-2020 ,12:21:59 ,       9681.356, 250  ,            10  , 32  , 111  , 18.7825 ,- 46.3496 ,- 79.6965 ,- 60.5392 ,- 48.0493 ,- 72.6937 ,- 74.5874 ,- 75.0543 ,- 74.5315 ,- 73.1606 ,- 70.8888 ,- 65.3359 ,- 61.4598 ,- 50.6663 ,- 43.3808 ,- 25.6570 ,- 62.3113 ,- 66.5491 ,- 65.1354 ,- 66.1118 ,- 67.7228 ,- 63.7283 ,- 72.0165 ,- 71.8422 ,- 69.4357 ,- 64.0735 ,- 64.6751 ,- 57.0510 ,- 48.4176 ,- 41.2603 ,- 37.3940 , 22.1556 ,
03-13-2020 ,12:22:00 ,       9681.871, 250  ,            10  , 32  , 111  , 18.1907 ,- 45.2088 ,- 77.6088 ,- 59.3852 ,- 47.2570 ,- 72.2959 ,- 73.6011 ,- 74.3573 ,- 73.6603 ,- 72.4636 ,- 69.8861 ,- 65.5332 ,- 60.9633 ,- 50.6663 ,- 43.1902 ,- 26.5381 ,- 62.5085 ,- 65.6943 ,- 64.8428 ,- 65.5858 ,- 67.0620 ,- 63.3337 ,- 71.4214 ,- 70.6817 ,- 69.3370 ,- 62.8373 ,- 63.0773 ,- 55.2921 ,- 46.2345 ,- 39.8729 ,- 36.7989 , 22.2510 ,
03-13-2020 ,12:22:01 ,       9682.928, 250  ,            10  , 32  , 111  , 19.0784 ,- 44.2587 ,- 76.7737 ,- 59.0006 ,- 46.8625 ,- 71.6088 ,- 73.4039 ,- 74.2587 ,- 73.3710 ,- 72.8614 ,- 70.5896 ,- 65.0400 ,- 60.7628 ,- 50.5677 ,- 43.3808 ,- 28.6849 ,- 64.7672 ,- 67.4072 ,- 65.8159 ,- 66.6378 ,- 68.1009 ,- 64.0209 ,- 71.7206 ,- 71.5529 ,- 69.2417 ,- 63.5967 ,- 64.0176 ,- 56.3672 ,- 47.1452 ,- 40.2707 ,- 36.9995 , 20.9096 ,
03-13-2020 ,12:22:01 ,       9683.196, 250  ,            10  , 32  , 111  , 19.7721 ,- 44.7321 ,- 78.1283 ,- 60.0592 ,- 48.0493 ,- 72.9863 ,- 74.5874 ,- 75.2548 ,- 74.5315 ,- 73.5584 ,- 71.2899 ,- 66.0263 ,- 61.8576 ,- 51.1628 ,- 43.8543 ,- 26.6334 ,- 62.7025 ,- 65.9803 ,- 64.9414 ,- 65.7633 ,- 67.0620 ,- 63.4324 ,- 71.8192 ,- 70.7803 ,- 69.2417 ,- 63.5047 ,- 63.5474 ,- 56.0746 ,- 47.2340 ,- 39.8729 ,- 37.0981 , 21.0049 ,
03-13-2020 ,12:22:01 ,       9683.322, 250  ,            10  , 32  , 111  , 19.6734 ,- 44.8307 ,- 78.1283 ,- 60.0592 ,- 47.6548 ,- 72.3946 ,- 74.0943 ,- 75.0543 ,- 74.0483 ,- 72.7628 ,- 70.4877 ,- 65.2373 ,- 61.1639 ,- 49.6767 ,- 43.1902 ,- 27.2219 ,- 63.3896 ,- 66.2663 ,- 65.2307 ,- 65.8488 ,- 67.2494 ,- 63.7283 ,- 71.7206 ,- 71.3589 ,- 69.2417 ,- 63.4093 ,- 64.5830 ,- 57.1496 ,- 47.5989 ,- 40.5666 ,- 36.8976 , 20.7189 ,
03-13-2020 ,12:22:02 ,       9683.836, 250  ,            10  , 32  , 111  , 19.2789 ,- 38.1797 ,- 70.9250 ,- 55.4400 ,- 45.4751 ,- 69.9321 ,- 72.2170 ,- 73.2625 ,- 72.7891 ,- 71.7633 ,- 70.0866 ,- 64.7441 ,- 60.3683 ,- 50.8636 ,- 43.8543 ,- 33.7677 ,- 68.9852 ,- 70.2576 ,- 67.8609 ,- 67.4269 ,- 68.2883 ,- 63.7283 ,- 71.8192 ,- 71.3589 ,- 69.3370 ,- 63.2187 ,- 63.1726 ,- 55.4861 ,- 46.0537 ,- 39.2778 ,- 37.1967 , 20.7189 ,
03-13-2020 ,12:22:02 ,       9684.35, 250  ,             10  , 32  , 111  , 18.5852 ,- 43.0258 ,- 76.0406 ,- 59.0959 ,- 47.2570 ,- 72.1020 ,- 73.8970 ,- 74.7584 ,- 74.1469 ,- 72.9600 ,- 71.0894 ,- 65.7304 ,- 61.4598 ,- 51.0608 ,- 43.8543 ,- 29.4674 ,- 65.1584 ,- 67.6899 ,- 66.1085 ,- 66.1118 ,- 67.3447 ,- 63.4324 ,- 71.5200 ,- 70.8757 ,- 68.9491 ,- 62.9326 ,- 63.9255 ,- 55.8806 ,- 46.5074 ,- 40.6652 ,- 36.7989 , 21.5803 ,
03-13-2020 ,12:22:03 ,       9684.817, 250  ,            10  , 32  , 111  , 21.4554 ,- 40.1754 ,- 73.5354 ,- 57.4587 ,- 46.6619 ,- 70.8198 ,- 72.9074 ,- 73.6636 ,- 72.8877 ,- 71.8652 ,- 70.0866 ,- 64.6455 ,- 60.6641 ,- 50.1699 ,- 43.2855 ,- 33.3765 ,- 69.6724 ,- 70.9217 ,- 68.6400 ,- 68.3902 ,- 69.0444 ,- 64.6094 ,- 72.6148 ,- 71.8422 ,- 70.0176 ,- 63.6921 ,- 63.4554 ,- 55.2921 ,- 46.5995 ,- 39.3765 ,- 36.8976 , 20.8143 ,
03-13-2020 ,12:22:03 ,       9685.349, 250  ,            10  , 32  , 111  , 19.5748 ,- 45.3995 ,- 78.5491 ,- 60.5392 ,- 47.7534 ,- 72.6937 ,- 74.2915 ,- 75.0543 ,- 74.3376 ,- 72.9600 ,- 71.0894 ,- 65.4346 ,- 60.6641 ,- 50.6663 ,- 43.3808 ,- 29.5660 ,- 66.1381 ,- 68.2620 ,- 66.7924 ,- 67.1639 ,- 68.5710 ,- 64.1195 ,- 72.4143 ,- 71.2636 ,- 69.3370 ,- 63.4093 ,- 64.4877 ,- 56.3672 ,- 47.0532 ,- 40.4680 ,- 36.9995 , 21.2943 ,
03-13-2020 ,12:22:04 ,       9685.867, 250  ,            10  , 32  , 111  , 17.9934 ,- 44.7321 ,- 77.1913 ,- 59.2899 ,- 47.0597 ,- 71.4115 ,- 73.2066 ,- 73.7622 ,- 72.8877 ,- 71.7633 ,- 69.8861 ,- 64.8428 ,- 59.8718 ,- 49.7754 ,- 43.3808 ,- 29.1748 ,- 65.2537 ,- 67.7852 ,- 66.3025 ,- 66.9896 ,- 68.0055 ,- 63.8269 ,- 72.3157 ,- 71.6515 ,- 70.0176 ,- 64.0735 ,- 64.0176 ,- 56.2685 ,- 47.5102 ,- 40.5666 ,- 37.0981 , 21.1989 ,
03-13-2020 ,12:22:04 ,       9686.327, 250  ,            10  , 32  , 111  , 17.0038 ,- 42.7397 ,- 74.7880 ,- 58.4219 ,- 47.0597 ,- 72.4965 ,- 74.2915 ,- 74.9557 ,- 74.5315 ,- 73.4598 ,- 71.4904 ,- 66.4241 ,- 62.2554 ,- 51.8532 ,- 44.6170 ,- 30.7365 ,- 66.2367 ,- 68.4526 ,- 66.8877 ,- 67.0751 ,- 68.3836 ,- 64.2181 ,- 72.4143 ,- 71.6515 ,- 70.0176 ,- 63.8828 ,- 64.5830 ,- 56.4658 ,- 47.5102 ,- 40.5666 ,- 36.7989 , 21.2943 ,
03-13-2020 ,12:22:05 ,       9686.854, 250  ,            10  , 32  , 111  , 19.9693 ,- 41.8850 ,- 75.6263 ,- 58.8066 ,- 47.1584 ,- 71.9047 ,- 73.7984 ,- 74.4592 ,- 73.8543 ,- 72.6609 ,- 70.4877 ,- 65.3359 ,- 61.7589 ,- 50.6663 ,- 44.1403 ,- 31.5189 ,- 67.7096 ,- 69.3074 ,- 67.4729 ,- 67.8641 ,- 69.1398 ,- 64.8066 ,- 73.1113 ,- 72.6181 ,- 70.6948 ,- 65.1189 ,- 64.7704 ,- 57.9321 ,- 49.2362 ,- 41.5595 ,- 37.3940 , 20.1436 ,
03-13-2020 ,12:22:05 ,       9687.376, 250  ,            10  , 32  , 111  , 20.3638 ,- 39.5080 ,- 72.5951 ,- 56.7880 ,- 46.1688 ,- 71.7041 ,- 73.4039 ,- 74.6565 ,- 74.2422 ,- 73.1606 ,- 71.3885 ,- 65.9277 ,- 61.8576 ,- 50.8636 ,- 43.7622 ,- 33.3765 ,- 69.8663 ,- 71.2077 ,- 68.9359 ,- 68.8274 ,- 69.8959 ,- 65.5924 ,- 73.7096 ,- 72.5195 ,- 70.9841 ,- 64.3562 ,- 64.9578 ,- 57.1496 ,- 47.3261 ,- 40.7639 ,- 36.9995 , 21.6789 ,
03-13-2020 ,12:22:06 ,       9687.865, 250  ,            10  , 32  , 111  , 20.4658 ,- 43.7852 ,- 77.7140 ,- 59.9639 ,- 47.7534 ,- 72.6937 ,- 74.8833 ,- 75.6526 ,- 74.6302 ,- 73.2592 ,- 71.4904 ,- 66.4241 ,- 61.3611 ,- 51.2614 ,- 44.6170 ,- 31.0323 ,- 68.0022 ,- 70.1622 ,- 68.3507 ,- 68.7420 ,- 69.8959 ,- 65.5924 ,- 73.9069 ,- 73.8740 ,- 71.1781 ,- 65.4970 ,- 65.7074 ,- 57.4422 ,- 48.6017 ,- 41.4576 ,- 38.0877 , 20.2389 ,
03-13-2020 ,12:22:06 ,       9688.359, 250  ,            10  , 32  , 111  , 20.3638 ,- 44.4493 ,- 77.6088 ,- 59.7699 ,- 47.4543 ,- 72.7924 ,- 74.2915 ,- 75.2548 ,- 74.6302 ,- 73.1606 ,- 71.4904 ,- 66.1250 ,- 62.3540 ,- 50.8636 ,- 44.2356 ,- 30.3485 ,- 67.8050 ,- 70.0669 ,- 68.4461 ,- 68.4789 ,- 69.5178 ,- 65.3984 ,- 74.0055 ,- 72.8088 ,- 70.9841 ,- 64.3562 ,- 64.7704 ,- 57.3436 ,- 47.0532 ,- 40.9644 ,- 37.5945 , 21.8696 ,
03-13-2020 ,12:22:07 ,       9688.845, 250  ,            10  , 32  , 111  , 20.5644 ,- 42.6444 ,- 75.8335 ,- 58.7113 ,- 47.0597 ,- 71.2143 ,- 73.4992 ,- 74.4592 ,- 73.5650 ,- 72.5622 ,- 70.3858 ,- 65.3359 ,- 61.3611 ,- 49.8740 ,- 44.0450 ,- 29.6647 ,- 66.5294 ,- 69.2121 ,- 67.8609 ,- 68.2159 ,- 69.2351 ,- 65.2011 ,- 73.7096 ,- 73.3907 ,- 70.7902 ,- 65.4970 ,- 65.4247 ,- 57.5409 ,- 48.3288 ,- 41.2603 ,- 37.6932 , 20.3343 ,
03-13-2020 ,12:22:07 ,       9689.353, 250  ,            10  , 32  , 111  , 18.9797 ,- 43.4039 ,- 76.4614 ,- 59.1946 ,- 47.4543 ,- 72.5951 ,- 74.0943 ,- 74.7584 ,- 74.2422 ,- 73.0620 ,- 70.9874 ,- 65.8291 ,- 61.7589 ,- 50.1699 ,- 43.5682 ,- 29.4674 ,- 65.2537 ,- 68.0713 ,- 66.8877 ,- 67.0751 ,- 68.4789 ,- 64.6094 ,- 73.0126 ,- 72.0362 ,- 70.5009 ,- 64.2641 ,- 64.4877 ,- 56.2685 ,- 47.3261 ,- 40.9644 ,- 37.7918 , 21.2943 ,
03-13-2020 ,12:22:08 ,       9689.88, 250  ,             10  , 32  , 111  , 19.9693 ,- 38.3704 ,- 71.9705 ,- 56.6893 ,- 46.7639 ,- 71.6088 ,- 73.7984 ,- 74.9557 ,- 73.8543 ,- 73.1606 ,- 71.0894 ,- 65.8291 ,- 61.3611 ,- 51.5573 ,- 44.6170 ,- 33.0839 ,- 68.1995 ,- 69.8762 ,- 68.0581 ,- 68.0417 ,- 68.8570 ,- 64.4154 ,- 72.4143 ,- 72.6181 ,- 70.0176 ,- 64.5502 ,- 64.7704 ,- 57.1496 ,- 47.7830 ,- 40.6652 ,- 37.0981 , 22.7310 ,
03-13-2020 ,12:22:08 ,       9690.416, 250  ,            10  , 32  , 111  , 19.6734 ,- 42.1677 ,- 75.8335 ,- 58.7113 ,- 47.3556 ,- 72.7924 ,- 74.7847 ,- 75.7513 ,- 75.1135 ,- 73.7589 ,- 72.0921 ,- 66.5228 ,- 62.1567 ,- 51.5573 ,- 44.0450 ,- 30.4439 ,- 66.6280 ,- 69.2121 ,- 67.5715 ,- 68.2159 ,- 69.5178 ,- 65.6910 ,- 74.2061 ,- 73.1968 ,- 71.9540 ,- 65.4017 ,- 65.8028 ,- 57.7348 ,- 48.7825 ,- 41.8554 ,- 37.5945 , 21.8696 ,
03-13-2020 ,12:22:09 ,       9690.879, 250  ,            10  , 32  , 111  , 19.1803 ,- 45.0181 ,- 78.1283 ,- 60.1546 ,- 47.9507 ,- 72.8877 ,- 74.7847 ,- 75.6526 ,- 74.5315 ,- 73.5584 ,- 71.1913 ,- 66.2269 ,- 61.8576 ,- 50.4691 ,- 44.3310 ,- 29.7600 ,- 66.9239 ,- 69.2121 ,- 67.7655 ,- 67.9529 ,- 69.2351 ,- 65.2011 ,- 73.1113 ,- 72.9074 ,- 70.5962 ,- 64.5502 ,- 65.2373 ,- 57.8335 ,- 48.0559 ,- 41.6581 ,- 37.2954 , 21.6789 ,
03-13-2020 ,12:22:09 ,       9691.354, 250  ,            10  , 32  , 111  , 20.9589 ,- 42.8351 ,- 76.2510 ,- 58.7113 ,- 46.8625 ,- 71.6088 ,- 73.2066 ,- 74.3573 ,- 73.5650 ,- 72.5622 ,- 69.8861 ,- 65.3359 ,- 61.5617 ,- 49.9726 ,- 43.3808 ,- 32.6926 ,- 69.7677 ,- 71.6844 ,- 69.7151 ,- 69.8795 ,- 71.0302 ,- 67.2625 ,- 75.2976 ,- 74.3573 ,- 72.6313 ,- 65.8784 ,- 66.1776 ,- 57.2482 ,- 48.6017 ,- 41.1617 ,- 37.1967 , 20.3343 ,
03-13-2020 ,12:22:10 ,       9691.853, 250  ,            10  , 32  , 111  , 18.6838 ,- 45.6855 ,- 78.8614 ,- 60.4439 ,- 47.5529 ,- 72.6937 ,- 74.0943 ,- 74.6565 ,- 74.0483 ,- 72.8614 ,- 70.7869 ,- 65.2373 ,- 60.7628 ,- 50.4691 ,- 44.1403 ,- 28.3923 ,- 65.1584 ,- 68.0713 ,- 66.7924 ,- 67.3381 ,- 68.5710 ,- 64.4154 ,- 72.5162 ,- 72.1315 ,- 69.9189 ,- 63.9781 ,- 64.7704 ,- 57.4422 ,- 47.5989 ,- 41.1617 ,- 37.0981 , 20.7189 ,
03-13-2020 ,12:22:11 ,       9692.957, 250  ,            10  , 32  , 111  , 18.2893 ,- 41.6943 ,- 74.3705 ,- 57.7513 ,- 46.7639 ,- 71.6088 ,- 72.8088 ,- 74.0614 ,- 73.6603 ,- 72.6609 ,- 70.6883 ,- 65.5332 ,- 61.0620 ,- 51.2614 ,- 44.9030 ,- 31.6176 ,- 67.4137 ,- 69.7809 ,- 67.7655 ,- 68.4789 ,- 69.6132 ,- 65.3984 ,- 73.7096 ,- 72.5195 ,- 71.1781 ,- 64.6422 ,- 64.7704 ,- 56.6598 ,- 47.8718 ,- 40.4680 ,- 37.5945 , 20.8143 ,
03-13-2020 ,12:22:11 ,       9693.012, 250  ,            10  , 32  , 111  , 18.1907 ,- 44.7321 ,- 77.8159 ,- 59.9639 ,- 47.9507 ,- 72.8877 ,- 74.8833 ,- 75.7513 ,- 74.9195 ,- 73.7589 ,- 71.5891 ,- 66.5228 ,- 61.5617 ,- 50.5677 ,- 43.4762 ,- 27.9058 ,- 64.0767 ,- 67.1211 ,- 66.1085 ,- 66.8121 ,- 68.1962 ,- 63.9222 ,- 72.5162 ,- 72.3288 ,- 70.2083 ,- 64.3562 ,- 65.2373 ,- 57.6362 ,- 48.0559 ,- 41.3589 ,- 37.2954 , 22.1556 ,
03-13-2020 ,12:22:11 ,       9693.399, 250  ,            10  , 32  , 111  , 18.3880 ,- 47.2044 ,- 79.9069 ,- 60.9272 ,- 47.9507 ,- 72.8877 ,- 74.0943 ,- 75.0543 ,- 73.9496 ,- 72.8614 ,- 70.8888 ,- 66.4241 ,- 61.3611 ,- 50.7650 ,- 44.1403 ,- 27.2219 ,- 63.7841 ,- 67.3118 ,- 66.8877 ,- 67.5157 ,- 69.0444 ,- 64.9052 ,- 73.7096 ,- 73.0028 ,- 71.2735 ,- 65.2143 ,- 65.0499 ,- 57.3436 ,- 48.9633 ,- 41.7567 ,- 38.2882 , 20.8143 ,
03-13-2020 ,12:22:12 ,       9693.853, 250  ,            10  , 32  , 111  , 17.3984 ,- 47.2998 ,- 80.5315 ,- 61.3085 ,- 48.3452 ,- 73.0850 ,- 74.5874 ,- 75.5540 ,- 74.6302 ,- 73.4598 ,- 71.0894 ,- 66.0263 ,- 60.1677 ,- 50.8636 ,- 43.5682 ,- 24.7792 ,- 60.7430 ,- 65.0302 ,- 64.8428 ,- 66.3748 ,- 68.0055 ,- 64.3167 ,- 72.8154 ,- 72.4241 ,- 70.1129 ,- 64.7376 ,- 65.7074 ,- 57.5409 ,- 48.2367 ,- 41.6581 ,- 37.1967 , 21.1036 ,
03-13-2020 ,12:22:12 ,       9694.365, 250  ,            10  , 32  , 111  , 19.3775 ,- 44.6400 ,- 77.5036 ,- 59.8652 ,- 47.2570 ,- 71.9047 ,- 73.4039 ,- 74.1600 ,- 73.7589 ,- 72.6609 ,- 70.4877 ,- 65.3359 ,- 61.1639 ,- 50.9622 ,- 44.4263 ,- 29.7600 ,- 66.1381 ,- 68.6433 ,- 67.4729 ,- 67.7754 ,- 69.2351 ,- 64.9052 ,- 73.1113 ,- 72.6181 ,- 70.8888 ,- 64.6422 ,- 64.4877 ,- 57.3436 ,- 47.7830 ,- 40.6652 ,- 37.8904 , 21.1036 ,
03-13-2020 ,12:22:13 ,       9694.844, 250  ,            10  , 32  , 111  , 18.9797 ,- 45.5902 ,- 79.0718 ,- 60.7332 ,- 47.6548 ,- 72.5951 ,- 74.1929 ,- 74.8570 ,- 74.1469 ,- 73.1606 ,- 70.7869 ,- 65.5332 ,- 60.4669 ,- 49.7754 ,- 42.8088 ,- 28.0011 ,- 63.8828 ,- 67.0258 ,- 65.8159 ,- 66.5491 ,- 68.0055 ,- 63.9222 ,- 72.3157 ,- 71.5529 ,- 69.7250 ,- 63.8828 ,- 64.7704 ,- 56.3672 ,- 47.7830 ,- 41.3589 ,- 37.2954 , 22.0603 ,
03-13-2020 ,12:22:13 ,       9695.389, 250  ,            10  , 32  , 111  , 18.5852 ,- 44.1633 ,- 76.8757 ,- 59.1946 ,- 47.1584 ,- 72.0033 ,- 73.6011 ,- 74.4592 ,- 73.9496 ,- 72.8614 ,- 70.8888 ,- 65.4346 ,- 60.8647 ,- 50.5677 ,- 44.0450 ,- 26.9293 ,- 63.4915 ,- 66.1710 ,- 65.6220 ,- 66.3748 ,- 68.1962 ,- 64.2181 ,- 72.9140 ,- 72.1315 ,- 70.5009 ,- 64.8329 ,- 64.3003 ,- 56.4658 ,- 48.0559 ,- 40.6652 ,- 37.2954 , 20.7189 ,
03-13-2020 ,12:22:14 ,       9695.851, 250  ,            10  , 32  , 111  , 14.6301 ,- 40.7441 ,- 71.4477 ,- 56.0154 ,- 45.7710 ,- 70.5239 ,- 72.2170 ,- 73.2625 ,- 72.8877 ,- 72.0625 ,- 70.0866 ,- 64.5469 ,- 59.6713 ,- 50.7650 ,- 43.8543 ,- 32.5940 ,- 66.1381 ,- 67.7852 ,- 66.2072 ,- 66.3748 ,- 68.0055 ,- 63.8269 ,- 71.8192 ,- 70.7803 ,- 69.4357 ,- 63.3140 ,- 64.3003 ,- 55.5847 ,- 46.7803 ,- 40.2707 ,- 36.9995 , 20.7189 ,
03-13-2020 ,12:22:14 ,       9696.406, 250  ,            10  , 32  , 111  , 18.9797 ,- 45.6855 ,- 78.8614 ,- 60.2532 ,- 47.7534 ,- 72.1020 ,- 73.6998 ,- 73.8609 ,- 73.2724 ,- 72.1644 ,- 69.7874 ,- 64.5469 ,- 60.3683 ,- 49.5781 ,- 43.1902 ,- 25.1704 ,- 61.5288 ,- 65.5036 ,- 64.6455 ,- 65.8488 ,- 67.7228 ,- 63.8269 ,- 72.1184 ,- 71.7469 ,- 70.3069 ,- 64.5502 ,- 64.2050 ,- 57.3436 ,- 48.2367 ,- 40.7639 ,- 37.2954 , 21.1036 ,
03-13-2020 ,12:22:15 ,       9696.886, 250  ,            10  , 32  , 111  , 19.5748 ,- 40.9348 ,- 73.6406 ,- 57.3633 ,- 46.3661 ,- 71.2143 ,- 72.7102 ,- 74.0614 ,- 73.7589 ,- 72.6609 ,- 70.6883 ,- 65.0400 ,- 61.1639 ,- 50.2685 ,- 43.4762 ,- 32.6926 ,- 68.4921 ,- 70.0669 ,- 67.9595 ,- 67.3381 ,- 68.5710 ,- 64.2181 ,- 72.5162 ,- 71.0696 ,- 69.4357 ,- 63.0280 ,- 63.8302 ,- 55.8806 ,- 47.0532 ,- 40.7639 ,- 36.7003 , 20.8143 ,
03-13-2020 ,12:22:15 ,       9697.366, 250  ,            10  , 32  , 111  , 17.0038 ,- 49.8641 ,- 82.5173 ,- 62.0811 ,- 48.5425 ,- 73.1869 ,- 74.5874 ,- 75.4521 ,- 74.3376 ,- 73.3611 ,- 71.1913 ,- 65.8291 ,- 60.4669 ,- 50.9622 ,- 44.5217 ,- 24.1907 ,- 60.8384 ,- 64.8395 ,- 64.3562 ,- 65.4115 ,- 67.0620 ,- 63.0411 ,- 71.2209 ,- 71.1650 ,- 68.9491 ,- 63.7874 ,- 63.8302 ,- 55.9759 ,- 48.2367 ,- 41.2603 ,- 37.0981 , 21.1989 ,
03-13-2020 ,12:22:16 ,       9697.916, 250  ,            10  , 32  , 111  , 12.9469 ,- 41.5036 ,- 71.6581 ,- 56.1140 ,- 45.5737 ,- 70.3266 ,- 71.9211 ,- 73.0652 ,- 72.6905 ,- 71.6647 ,- 69.8861 ,- 64.7441 ,- 60.8647 ,- 50.7650 ,- 44.2356 ,- 32.3014 ,- 65.8455 ,- 68.0713 ,- 66.6937 ,- 66.9009 ,- 68.1962 ,- 64.3167 ,- 72.0165 ,- 71.0696 ,- 70.0176 ,- 63.5047 ,- 64.1129 ,- 56.2685 ,- 46.9644 ,- 40.5666 ,- 37.1967 , 20.9096 ,
03-13-2020 ,12:22:16 ,       9698.388, 250  ,            10  , 32  , 111  , 19.0784 ,- 45.8729 ,- 79.6965 ,- 60.8285 ,- 48.1480 ,- 72.6937 ,- 74.0943 ,- 74.8570 ,- 74.0483 ,- 73.2592 ,- 70.7869 ,- 65.7304 ,- 61.7589 ,- 49.9726 ,- 43.5682 ,- 26.7321 ,- 63.1957 ,- 66.5491 ,- 65.8159 ,- 66.4636 ,- 68.4789 ,- 64.5140 ,- 72.5162 ,- 72.5195 ,- 70.4022 ,- 64.8329 ,- 65.3326 ,- 58.1261 ,- 48.8745 ,- 41.3589 ,- 37.4926 , 22.0603 ,
03-13-2020 ,12:22:17 ,       9698.906, 250  ,            10  , 32  , 111  , 17.5956 ,- 44.2587 ,- 77.0861 ,- 59.1946 ,- 47.2570 ,- 72.3946 ,- 73.8970 ,- 74.7584 ,- 73.9496 ,- 72.7628 ,- 70.5896 ,- 65.6318 ,- 61.0620 ,- 50.4691 ,- 43.6669 ,- 28.5896 ,- 63.8828 ,- 66.5491 ,- 65.2307 ,- 65.9376 ,- 67.3447 ,- 63.5310 ,- 72.0165 ,- 70.5863 ,- 69.2417 ,- 63.2187 ,- 63.4554 ,- 56.6598 ,- 46.8724 ,- 40.4680 ,- 37.5945 , 21.4849 ,
03-13-2020 ,12:22:17 ,       9699.364, 250  ,            10  , 32  , 111  , 17.3984 ,- 42.2630 ,- 75.3107 ,- 58.6159 ,- 47.0597 ,- 71.8061 ,- 73.3052 ,- 74.1600 ,- 73.5650 ,- 72.0625 ,- 70.3858 ,- 64.7441 ,- 59.6713 ,- 50.2685 ,- 43.5682 ,- 31.6176 ,- 66.1381 ,- 68.4526 ,- 66.6937 ,- 67.0751 ,- 68.3836 ,- 63.9222 ,- 71.9178 ,- 71.6515 ,- 69.6296 ,- 64.3562 ,- 64.7704 ,- 55.9759 ,- 48.0559 ,- 41.0630 ,- 37.4926 , 20.2389 ,
03-13-2020 ,12:22:18 ,       9699.881, 250  ,            10  , 32  , 111  , 17.2997 ,- 45.7776 ,- 79.3842 ,- 60.6378 ,- 48.1480 ,- 73.5781 ,- 74.5874 ,- 75.5540 ,- 75.1135 ,- 73.6603 ,- 71.6910 ,- 65.9277 ,- 61.6603 ,- 50.5677 ,- 44.3310 ,- 28.7836 ,- 64.3726 ,- 67.4072 ,- 66.4011 ,- 66.9009 ,- 68.7617 ,- 65.1025 ,- 73.4105 ,- 72.5195 ,- 71.1781 ,- 64.6422 ,- 65.0499 ,- 57.3436 ,- 48.6017 ,- 41.7567 ,- 37.5945 , 20.5282 ,
03-13-2020 ,12:22:18 ,       9700.391, 250  ,            10  , 32  , 111  , 16.0143 ,- 43.2132 ,- 75.3107 ,- 58.6159 ,- 47.2570 ,- 72.2006 ,- 73.8970 ,- 74.5578 ,- 74.1469 ,- 72.8614 ,- 71.0894 ,- 65.7304 ,- 60.1677 ,- 50.6663 ,- 44.4263 ,- 31.3249 ,- 66.4340 ,- 68.5447 ,- 66.8877 ,- 67.6011 ,- 68.8570 ,- 64.4154 ,- 72.5162 ,- 72.2302 ,- 70.2083 ,- 64.3562 ,- 65.4247 ,- 56.6598 ,- 48.6017 ,- 41.6581 ,- 37.3940 , 21.3896 ,
03-13-2020 ,12:22:19 ,       9700.889, 250  ,            10  , 32  , 111  , 17.2011 ,- 47.7732 ,- 81.2614 ,- 61.8872 ,- 48.7430 ,- 73.8773 ,- 75.4751 ,- 75.8499 ,- 75.1135 ,- 73.7589 ,- 71.7929 ,- 66.4241 ,- 62.4559 ,- 51.8532 ,- 44.9030 ,- 27.4159 ,- 64.1754 ,- 67.8806 ,- 67.3743 ,- 68.6532 ,- 69.8959 ,- 66.1809 ,- 74.7025 ,- 74.0680 ,- 72.6313 ,- 65.9737 ,- 66.2696 ,- 58.5173 ,- 49.5091 ,- 41.6581 ,- 38.0877 , 21.8696 ,
03-13-2020 ,12:22:19 ,       9701.396, 250  ,            10  , 32  , 111  , 19.4762 ,- 45.8729 ,- 79.3842 ,- 60.9272 ,- 48.3452 ,- 73.3809 ,- 74.8833 ,- 75.5540 ,- 74.6302 ,- 73.1606 ,- 71.1913 ,- 65.7304 ,- 61.8576 ,- 49.7754 ,- 43.3808 ,- 27.1233 ,- 63.8828 ,- 67.5025 ,- 66.4998 ,- 67.2494 ,- 69.2351 ,- 65.0039 ,- 73.4105 ,- 73.1014 ,- 71.0795 ,- 65.1189 ,- 65.8948 ,- 58.9085 ,- 48.6017 ,- 41.4576 ,- 37.2954 , 21.7743 ,
03-13-2020 ,12:22:20 ,       9701.875, 250  ,            10  , 32  , 111  , 18.9797 ,- 40.9348 ,- 74.5809 ,- 58.6159 ,- 48.1480 ,- 74.0713 ,- 75.7743 ,- 77.0466 ,- 76.5666 ,- 75.6526 ,- 73.5946 ,- 67.9036 ,- 63.9452 ,- 53.9310 ,- 46.2313 ,- 34.0603 ,- 70.8493 ,- 72.1578 ,- 70.3957 ,- 69.8795 ,- 70.7474 ,- 66.3781 ,- 74.6039 ,- 73.7787 ,- 71.8554 ,- 65.6877 ,- 65.4247 ,- 56.7584 ,- 48.2367 ,- 40.9644 ,- 37.8904 , 20.2389 ,
03-13-2020 ,12:22:20 ,       9702.395, 250  ,            10  , 32  , 111  , 20.2652 ,- 41.5989 ,- 75.1036 ,- 58.8066 ,- 47.0597 ,- 72.2959 ,- 74.3902 ,- 75.4521 ,- 74.2422 ,- 73.3611 ,- 71.1913 ,- 66.1250 ,- 62.2554 ,- 50.9622 ,- 44.3310 ,- 32.2028 ,- 68.6894 ,- 70.6389 ,- 68.6400 ,- 68.4789 ,- 69.6132 ,- 65.2011 ,- 73.3118 ,- 72.6181 ,- 70.1129 ,- 64.3562 ,- 65.2373 ,- 58.7113 ,- 47.1452 ,- 40.4680 ,- 37.5945 , 21.9649 ,
03-13-2020 ,12:22:21 ,       9702.871, 250  ,            10  , 32  , 111  , 20.3638 ,- 42.6444 ,- 76.9809 ,- 60.0592 ,- 48.2466 ,- 73.6768 ,- 75.4751 ,- 76.3496 ,- 76.0833 ,- 74.7551 ,- 72.7924 ,- 66.9173 ,- 62.2554 ,- 52.5469 ,- 44.6170 ,- 29.6647 ,- 65.8455 ,- 68.3573 ,- 66.8877 ,- 67.2494 ,- 69.1398 ,- 64.9052 ,- 73.2099 ,- 72.8088 ,- 71.0795 ,- 65.1189 ,- 65.0499 ,- 56.9524 ,- 48.8745 ,- 40.5666 ,- 37.7918 , 21.1989 ,
03-13-2020 ,12:22:21 ,       9703.41, 250  ,             10  , 32  , 111  , 18.4866 ,- 42.4537 ,- 75.8335 ,- 58.6159 ,- 47.2570 ,- 72.4965 ,- 74.0943 ,- 75.1529 ,- 74.3376 ,- 73.1606 ,- 70.7869 ,- 66.2269 ,- 61.8576 ,- 50.0713 ,- 43.7622 ,- 31.7162 ,- 67.8050 ,- 69.9748 ,- 68.2521 ,- 68.3902 ,- 69.6132 ,- 65.4937 ,- 73.5091 ,- 73.0028 ,- 70.7902 ,- 64.7376 ,- 65.7074 ,- 58.1261 ,- 48.2367 ,- 41.2603 ,- 37.3940 , 21.0049 ,
03-13-2020 ,12:22:22 ,       9703.898, 250  ,            10  , 32  , 111  , 18.7825 ,- 46.0636 ,- 79.5913 ,- 60.8285 ,- 48.6411 ,- 73.4795 ,- 74.8833 ,- 75.7513 ,- 74.9195 ,- 73.7589 ,- 71.4904 ,- 66.3255 ,- 61.7589 ,- 52.3463 ,- 44.9030 ,- 27.7085 ,- 64.7672 ,- 67.5978 ,- 66.4011 ,- 67.2494 ,- 68.6663 ,- 64.4154 ,- 72.6148 ,- 71.9409 ,- 69.9189 ,- 64.3562 ,- 64.1129 ,- 56.6598 ,- 47.0532 ,- 40.1688 ,- 37.7918 , 22.1556 ,
03-13-2020 ,12:22:22 ,       9704.411, 250  ,            10  , 32  , 111  , 19.8707 ,- 44.3540 ,- 76.9809 ,- 59.3852 ,- 47.1584 ,- 72.2959 ,- 73.8970 ,- 74.5578 ,- 74.2422 ,- 73.2592 ,- 71.1913 ,- 65.6318 ,- 60.6641 ,- 50.4691 ,- 43.8543 ,- 28.3923 ,- 65.7469 ,- 68.5447 ,- 66.8877 ,- 67.5157 ,- 68.6663 ,- 64.5140 ,- 72.8154 ,- 72.3288 ,- 70.4022 ,- 64.2641 ,- 65.2373 ,- 57.1496 ,- 46.7803 ,- 40.7639 ,- 37.0981 , 21.2943 ,
03-13-2020 ,12:22:23 ,       9704.915, 250  ,            10  , 32  , 111  , 19.8707 ,- 46.6324 ,- 81.4718 ,- 61.9825 ,- 49.0389 ,- 74.5644 ,- 76.3661 ,- 77.2439 ,- 76.5666 ,- 75.1562 ,- 73.2954 ,- 67.3118 ,- 62.5546 ,- 53.1387 ,- 46.1359 ,- 29.4674 ,- 66.5294 ,- 68.6433 ,- 66.6937 ,- 66.7233 ,- 67.9102 ,- 63.8269 ,- 71.8192 ,- 71.3589 ,- 69.3370 ,- 63.5967 ,- 63.7348 ,- 55.1967 ,- 47.3261 ,- 39.9715 ,- 37.4926 , 20.5282 ,
03-13-2020 ,12:22:23 ,       9705.406, 250  ,            10  , 32  , 111  , 19.1803 ,- 41.5989 ,- 74.7880 ,- 58.3266 ,- 46.7639 ,- 71.7041 ,- 73.2066 ,- 74.1600 ,- 73.7589 ,- 72.4636 ,- 70.6883 ,- 65.5332 ,- 60.5655 ,- 49.7754 ,- 43.3808 ,- 31.0323 ,- 66.8252 ,- 69.0214 ,- 67.3743 ,- 67.7754 ,- 68.9524 ,- 64.9052 ,- 73.3118 ,- 72.4241 ,- 70.5962 ,- 64.3562 ,- 65.3326 ,- 57.3436 ,- 48.5096 ,- 40.8658 ,- 36.8976 , 21.3896 ,
03-13-2020 ,12:22:24 ,       9705.916, 250  ,            10  , 32  , 111  , 18.5852 ,- 42.5491 ,- 75.5211 ,- 58.5206 ,- 47.0597 ,- 71.4115 ,- 73.6011 ,- 74.3573 ,- 73.3710 ,- 72.5622 ,- 70.5896 ,- 65.2373 ,- 61.0620 ,- 50.8636 ,- 43.9496 ,- 29.3688 ,- 64.7672 ,- 67.3118 ,- 66.0099 ,- 66.6378 ,- 68.1962 ,- 63.8269 ,- 72.0165 ,- 71.3589 ,- 69.6296 ,- 63.9781 ,- 64.2050 ,- 56.8570 ,- 48.7825 ,- 40.9644 ,- 37.0981 , 20.7189 ,
03-13-2020 ,12:22:24 ,       9706.391, 250  ,            10  , 32  , 111  , 20.4658 ,- 40.6488 ,- 74.0581 ,- 57.9419 ,- 46.7639 ,- 72.2959 ,- 73.7984 ,- 74.8570 ,- 74.1469 ,- 73.2592 ,- 71.0894 ,- 65.8291 ,- 61.7589 ,- 51.2614 ,- 44.5217 ,- 32.8866 ,- 69.2778 ,- 70.5436 ,- 68.7387 ,- 68.7420 ,- 69.9913 ,- 65.6910 ,- 73.6077 ,- 72.6181 ,- 70.9841 ,- 64.4548 ,- 65.0499 ,- 57.7348 ,- 47.1452 ,- 40.5666 ,- 37.4926 , 20.8143 ,
03-13-2020 ,12:22:25 ,       9706.958, 250  ,            10  , 32  , 111  , 19.7721 ,- 44.4493 ,- 78.1283 ,- 59.7699 ,- 47.5529 ,- 72.3946 ,- 74.2915 ,- 74.8570 ,- 73.9496 ,- 72.9600 ,- 71.1913 ,- 65.6318 ,- 61.4598 ,- 50.2685 ,- 43.8543 ,- 28.3923 ,- 64.8625 ,- 67.5978 ,- 66.3025 ,- 66.9009 ,- 68.2883 ,- 63.7283 ,- 72.0165 ,- 71.9409 ,- 69.8203 ,- 64.8329 ,- 64.1129 ,- 56.8570 ,- 47.6910 ,- 40.7639 ,- 37.5945 , 19.0915 ,
03-13-2020 ,12:22:25 ,       9707.376, 250  ,            10  , 32  , 111  , 19.8707 ,- 43.4039 ,- 75.8335 ,- 58.1326 ,- 46.6619 ,- 71.3129 ,- 72.7102 ,- 73.1639 ,- 72.7891 ,- 71.9639 ,- 69.6855 ,- 65.0400 ,- 60.5655 ,- 49.3808 ,- 42.5261 ,- 28.5896 ,- 64.6652 ,- 67.4072 ,- 66.1085 ,- 66.4636 ,- 67.5321 ,- 64.0209 ,- 71.9178 ,- 70.8757 ,- 69.3370 ,- 63.0280 ,- 63.4554 ,- 55.7819 ,- 46.6882 ,- 39.7743 ,- 36.7003 , 22.0603 ,
03-13-2020 ,12:22:26 ,       9707.92, 250  ,             10  , 32  , 111  , 20.3638 ,- 42.3584 ,- 75.6263 ,- 58.3266 ,- 46.6619 ,- 72.0033 ,- 73.6011 ,- 74.1600 ,- 73.4663 ,- 72.4636 ,- 70.2872 ,- 64.7441 ,- 60.6641 ,- 49.6767 ,- 43.0948 ,- 28.0011 ,- 63.2943 ,- 66.2663 ,- 65.0368 ,- 65.5858 ,- 67.3447 ,- 63.1398 ,- 71.6220 ,- 71.5529 ,- 69.5310 ,- 64.0735 ,- 64.3003 ,- 56.6598 ,- 47.6910 ,- 40.6652 ,- 36.0066 , 21.5803 ,
03-13-2020 ,12:22:26 ,       9708.775, 250  ,            10  , 32  , 111  , 18.3880 ,- 43.3085 ,- 75.5211 ,- 57.9419 ,- 46.2674 ,- 71.1157 ,- 72.5129 ,- 73.5617 ,- 73.0784 ,- 72.0625 ,- 70.2872 ,- 64.7441 ,- 60.0691 ,- 50.3671 ,- 43.3808 ,- 28.9808 ,- 65.4510 ,- 67.9759 ,- 66.6937 ,- 67.2494 ,- 68.5710 ,- 65.0039 ,- 72.7135 ,- 72.1315 ,- 70.4022 ,- 63.9781 ,- 64.3924 ,- 55.6833 ,- 47.5102 ,- 40.2707 ,- 36.5030 , 21.4849 ,
03-13-2020 ,12:22:27 ,       9708.887, 250  ,            10  , 32  , 111  , 19.4762 ,- 44.4493 ,- 77.9211 ,- 60.0592 ,- 47.5529 ,- 72.2006 ,- 74.0943 ,- 74.9557 ,- 73.9496 ,- 72.5622 ,- 70.3858 ,- 65.4346 ,- 61.7589 ,- 49.7754 ,- 43.0948 ,- 28.1984 ,- 64.9611 ,- 67.6899 ,- 66.4011 ,- 66.8121 ,- 68.4789 ,- 64.2181 ,- 72.6148 ,- 72.2302 ,- 70.3069 ,- 64.6422 ,- 64.9578 ,- 57.4422 ,- 48.5096 ,- 41.4576 ,- 37.0981 , 20.4329 ,
03-13-2020 ,12:22:27 ,       9709.382, 250  ,            10  , 32  , 111  , 18.6838 ,- 42.2630 ,- 75.3107 ,- 58.4219 ,- 46.8625 ,- 72.0033 ,- 73.4039 ,- 74.4592 ,- 73.8543 ,- 72.5622 ,- 70.8888 ,- 65.5332 ,- 61.9562 ,- 50.9622 ,- 44.2356 ,- 30.4439 ,- 66.1381 ,- 68.4526 ,- 66.7924 ,- 67.1639 ,- 68.4789 ,- 64.3167 ,- 72.4143 ,- 71.6515 ,- 70.1129 ,- 63.6921 ,- 63.7348 ,- 56.6598 ,- 47.1452 ,- 40.1688 ,- 37.4926 , 20.2389 ,
03-13-2020 ,12:22:28 ,       9709.891, 250  ,            10  , 32  , 111  , 19.2789 ,- 44.3540 ,- 77.7140 ,- 59.8652 ,- 47.7534 ,- 72.6937 ,- 74.4888 ,- 75.3535 ,- 74.2422 ,- 73.4598 ,- 70.7869 ,- 65.7304 ,- 60.8647 ,- 50.4691 ,- 43.8543 ,- 27.3173 ,- 64.0767 ,- 67.5978 ,- 66.6937 ,- 67.5157 ,- 69.3272 ,- 65.2965 ,- 73.7096 ,- 73.4894 ,- 71.4674 ,- 65.5924 ,- 66.6477 ,- 59.0072 ,- 49.2362 ,- 42.3518 ,- 36.8976 , 21.1989 ,
03-13-2020 ,12:22:28 ,       9710.403, 250  ,            10  , 32  , 111  , 18.5852 ,- 45.2088 ,- 78.5491 ,- 59.9639 ,- 47.9507 ,- 73.1869 ,- 74.4888 ,- 75.6526 ,- 74.8242 ,- 73.7589 ,- 71.6910 ,- 66.4241 ,- 62.3540 ,- 51.9518 ,- 44.4263 ,- 30.2499 ,- 65.7469 ,- 68.7387 ,- 66.8877 ,- 67.4269 ,- 68.8570 ,- 64.8066 ,- 73.2099 ,- 72.2302 ,- 70.5962 ,- 64.4548 ,- 64.3924 ,- 56.9524 ,- 47.5102 ,- 40.9644 ,- 37.8904 , 21.1036 ,
03-13-2020 ,12:22:29 ,       9710.938, 250  ,            10  , 32  , 111  , 21.3534 ,- 42.0723 ,- 75.5211 ,- 59.0006 ,- 47.1584 ,- 72.3946 ,- 74.3902 ,- 75.4521 ,- 74.5315 ,- 73.5584 ,- 71.1913 ,- 65.7304 ,- 61.9562 ,- 50.9622 ,- 44.6170 ,- 30.9337 ,- 68.3968 ,- 70.0669 ,- 68.4461 ,- 68.3014 ,- 69.1398 ,- 64.9052 ,- 73.0126 ,- 72.4241 ,- 70.1129 ,- 64.3562 ,- 64.9578 ,- 57.3436 ,- 47.3261 ,- 40.4680 ,- 36.9995 , 22.1556 ,
03-13-2020 ,12:22:29 ,       9711.43, 250  ,             10  , 32  , 111  , 18.2893 ,- 45.7776 ,- 78.7562 ,- 59.9639 ,- 47.4543 ,- 72.2006 ,- 73.6998 ,- 73.9595 ,- 73.5650 ,- 72.2631 ,- 70.3858 ,- 65.7304 ,- 61.0620 ,- 50.3671 ,- 43.5682 ,- 27.6132 ,- 64.2740 ,- 67.5978 ,- 66.5951 ,- 67.1639 ,- 68.6663 ,- 64.6094 ,- 73.0126 ,- 72.2302 ,- 70.8888 ,- 64.7376 ,- 64.4877 ,- 57.0510 ,- 48.2367 ,- 41.2603 ,- 37.6932 , 21.5803 ,
03-13-2020 ,12:22:30 ,       9711.894, 250  ,            10  , 32  , 111  , 15.0247 ,- 43.0258 ,- 74.6828 ,- 57.9419 ,- 46.9611 ,- 72.1020 ,- 73.6998 ,- 74.7584 ,- 73.8543 ,- 72.7628 ,- 70.2872 ,- 65.5332 ,- 60.4669 ,- 51.4587 ,- 44.6170 ,- 33.1792 ,- 67.9036 ,- 69.4981 ,- 67.4729 ,- 67.1639 ,- 68.0055 ,- 63.9222 ,- 71.6220 ,- 71.7469 ,- 69.3370 ,- 63.5967 ,- 64.3924 ,- 55.5847 ,- 47.3261 ,- 40.4680 ,- 37.0981 , 21.8696 ,
03-13-2020 ,12:22:30 ,       9712.413, 250  ,            10  , 32  , 111  , 19.1803 ,- 38.9392 ,- 71.0302 ,- 55.6307 ,- 45.5737 ,- 69.6362 ,- 72.1184 ,- 73.0652 ,- 72.5951 ,- 71.7633 ,- 70.2872 ,- 64.8428 ,- 60.2696 ,- 50.5677 ,- 44.1403 ,- 33.0839 ,- 68.5907 ,- 69.9748 ,- 68.1567 ,- 67.9529 ,- 69.1398 ,- 64.9052 ,- 73.1113 ,- 72.4241 ,- 70.6948 ,- 64.6422 ,- 64.4877 ,- 56.2685 ,- 48.2367 ,- 40.7639 ,- 36.9995 , 21.5803 ,
03-13-2020 ,12:22:31 ,       9712.891, 250  ,            10  , 32  , 111  , 19.8707 ,- 43.4039 ,- 77.3984 ,- 59.8652 ,- 47.8521 ,- 73.2855 ,- 74.7847 ,- 75.7513 ,- 75.1135 ,- 73.9595 ,- 72.1907 ,- 66.0263 ,- 60.8647 ,- 51.5573 ,- 44.8044 ,- 30.2499 ,- 66.7266 ,- 68.8307 ,- 66.9863 ,- 66.9009 ,- 68.0055 ,- 63.7283 ,- 71.4214 ,- 70.9743 ,- 68.9491 ,- 62.9326 ,- 63.5474 ,- 55.4861 ,- 46.4187 ,- 39.8729 ,- 36.7989 , 22.0603 ,
03-13-2020 ,12:22:31 ,       9713.417, 250  ,            10  , 32  , 111  , 20.0680 ,- 38.5611 ,- 72.1809 ,- 56.7880 ,- 46.3661 ,- 71.1157 ,- 73.4992 ,- 74.2587 ,- 73.8543 ,- 72.9600 ,- 71.0894 ,- 65.6318 ,- 61.2625 ,- 52.1491 ,- 44.3310 ,- 31.4236 ,- 66.9239 ,- 69.1168 ,- 67.1803 ,- 67.5157 ,- 68.4789 ,- 64.4154 ,- 72.6148 ,- 72.1315 ,- 70.0176 ,- 64.2641 ,- 64.1129 ,- 57.2482 ,- 48.2367 ,- 39.7743 ,- 37.3940 , 21.4849 ,
03-13-2020 ,12:22:32 ,       9713.931, 250  ,            10  , 32  , 111  , 19.3775 ,- 38.6532 ,- 71.6581 ,- 56.9787 ,- 46.7639 ,- 72.4965 ,- 74.1929 ,- 75.8499 ,- 75.1135 ,- 74.1568 ,- 72.2926 ,- 66.9173 ,- 62.1567 ,- 52.4482 ,- 45.3765 ,- 35.6219 ,- 71.4378 ,- 71.9705 ,- 69.8104 ,- 69.3535 ,- 70.0866 ,- 65.6910 ,- 73.6077 ,- 72.6181 ,- 70.7902 ,- 64.5502 ,- 65.4247 ,- 57.0510 ,- 47.1452 ,- 40.8658 ,- 36.9995 , 21.8696 ,
03-13-2020 ,12:22:32 ,       9714.403, 250  ,            10  , 32  , 111  , 20.0680 ,- 43.1178 ,- 77.5036 ,- 60.1546 ,- 47.9507 ,- 72.9863 ,- 74.8833 ,- 75.4521 ,- 75.1135 ,- 73.6603 ,- 71.7929 ,- 66.1250 ,- 62.2554 ,- 51.8532 ,- 44.6170 ,- 30.2499 ,- 67.0225 ,- 69.4028 ,- 67.6669 ,- 68.0417 ,- 69.0444 ,- 64.8066 ,- 73.3118 ,- 72.9074 ,- 70.8888 ,- 65.1189 ,- 64.8625 ,- 57.7348 ,- 48.3288 ,- 40.6652 ,- 37.7918 , 20.0482 ,
03-13-2020 ,12:22:33 ,       9714.92, 250  ,             10  , 32  , 111  , 19.0784 ,- 42.4537 ,- 75.5211 ,- 58.6159 ,- 46.7639 ,- 72.3946 ,- 73.3052 ,- 74.8570 ,- 74.1469 ,- 73.1606 ,- 70.7869 ,- 65.6318 ,- 61.0620 ,- 50.6663 ,- 43.9496 ,- 30.5425 ,- 65.9409 ,- 67.9759 ,- 66.9863 ,- 66.8121 ,- 68.0055 ,- 64.5140 ,- 71.9178 ,- 71.7469 ,- 69.9189 ,- 63.6921 ,- 64.5830 ,- 56.8570 ,- 47.5989 ,- 41.1617 ,- 37.0981 , 21.8696 ,
03-13-2020 ,12:22:33 ,       9715.438, 250  ,            10  , 32  , 111  , 20.5644 ,- 38.9392 ,- 72.3880 ,- 56.9787 ,- 46.1688 ,- 70.7211 ,- 72.7102 ,- 73.9595 ,- 73.0784 ,- 72.3617 ,- 70.4877 ,- 65.4346 ,- 61.0620 ,- 50.9622 ,- 44.7091 ,- 34.9381 ,- 71.2406 ,- 72.4439 ,- 69.6165 ,- 69.3535 ,- 70.0866 ,- 65.1025 ,- 73.7096 ,- 73.0028 ,- 70.5962 ,- 64.7376 ,- 64.5830 ,- 57.7348 ,- 47.6910 ,- 40.4680 ,- 36.8976 , 21.2943 ,
03-13-2020 ,12:22:34 ,       9715.902, 250  ,            10  , 32  , 111  , 17.0038 ,- 49.7688 ,- 82.7244 ,- 62.4658 ,- 48.4439 ,- 73.5781 ,- 74.6861 ,- 75.1529 ,- 74.6302 ,- 73.2592 ,- 70.9874 ,- 65.4346 ,- 60.4669 ,- 50.1699 ,- 43.6669 ,- 23.4115 ,- 60.3485 ,- 64.7441 ,- 64.6455 ,- 65.8488 ,- 67.8148 ,- 64.4154 ,- 72.9140 ,- 72.2302 ,- 70.6948 ,- 64.7376 ,- 65.5200 ,- 56.5644 ,- 48.7825 ,- 41.6581 ,- 36.7003 , 20.2389 ,
03-13-2020 ,12:22:34 ,       9716.424, 250  ,            10  , 32  , 111  , 18.7825 ,- 47.2044 ,- 80.7387 ,- 61.2132 ,- 48.3452 ,- 73.5781 ,- 75.1792 ,- 75.8499 ,- 74.9195 ,- 73.7589 ,- 71.9902 ,- 66.3255 ,- 61.5617 ,- 52.3463 ,- 44.3310 ,- 26.9293 ,- 64.0767 ,- 67.2165 ,- 66.0099 ,- 66.7233 ,- 68.1009 ,- 63.8269 ,- 72.1184 ,- 71.8422 ,- 69.5310 ,- 64.0735 ,- 64.3003 ,- 57.0510 ,- 48.1447 ,- 40.5666 ,- 36.9995 , 20.2389 ,
03-13-2020 ,12:22:35 ,       9716.913, 250  ,            10  , 32  , 111  , 18.6838 ,- 43.4039 ,- 76.2510 ,- 58.7113 ,- 47.0597 ,- 71.8061 ,- 73.9957 ,- 74.9557 ,- 74.4362 ,- 73.2592 ,- 71.2899 ,- 66.1250 ,- 61.4598 ,- 51.5573 ,- 44.4263 ,- 31.1277 ,- 68.1009 ,- 69.9748 ,- 69.0313 ,- 68.6532 ,- 70.3694 ,- 65.9836 ,- 74.5052 ,- 73.2921 ,- 71.6614 ,- 65.2143 ,- 65.5200 ,- 57.7348 ,- 47.6910 ,- 41.1617 ,- 37.4926 , 20.9096 ,
03-13-2020 ,12:22:35 ,       9717.439, 250  ,            10  , 32  , 111  , 17.5956 ,- 44.3540 ,- 77.2932 ,- 59.6746 ,- 47.9507 ,- 73.0850 ,- 74.5874 ,- 75.3535 ,- 74.3376 ,- 73.4598 ,- 71.5891 ,- 65.5332 ,- 61.1639 ,- 50.9622 ,- 44.5217 ,- 29.8586 ,- 65.8455 ,- 68.2620 ,- 66.7924 ,- 67.0751 ,- 68.3836 ,- 64.3167 ,- 72.2170 ,- 72.0362 ,- 69.9189 ,- 64.3562 ,- 64.3924 ,- 56.6598 ,- 48.1447 ,- 40.9644 ,- 37.4926 , 21.3896 ,
03-13-2020 ,12:22:36 ,       9717.913, 250  ,            10  , 32  , 111  , 19.0784 ,- 44.5447 ,- 77.8159 ,- 59.7699 ,- 48.0493 ,- 72.8877 ,- 74.4888 ,- 75.2548 ,- 74.8242 ,- 73.7589 ,- 71.4904 ,- 66.1250 ,- 62.0548 ,- 51.3600 ,- 44.4263 ,- 28.2970 ,- 64.6652 ,- 67.7852 ,- 67.2789 ,- 67.7754 ,- 69.2351 ,- 65.2965 ,- 73.6077 ,- 72.9074 ,- 71.4674 ,- 65.0236 ,- 65.1452 ,- 57.8335 ,- 48.6017 ,- 40.6652 ,- 37.4926 , 20.7189 ,
03-13-2020 ,12:22:36 ,       9718.404, 250  ,            10  , 32  , 111  , 21.4554 ,- 42.7397 ,- 77.6088 ,- 60.3485 ,- 48.0493 ,- 73.5781 ,- 75.3765 ,- 76.0505 ,- 75.3074 ,- 74.1568 ,- 71.5891 ,- 66.2269 ,- 62.2554 ,- 50.9622 ,- 44.7091 ,- 31.1277 ,- 68.3968 ,- 70.7343 ,- 69.3239 ,- 69.5310 ,- 71.2176 ,- 66.8680 ,- 75.2976 ,- 74.9392 ,- 72.7299 ,- 66.7332 ,- 67.2099 ,- 59.8850 ,- 49.9661 ,- 42.8482 ,- 37.7918 , 22.1556 ,
03-13-2020 ,12:22:37 ,       9718.96, 250  ,             10  , 32  , 111  , 17.8948 ,- 46.7310 ,- 79.9069 ,- 60.9272 ,- 48.2466 ,- 73.3809 ,- 74.5874 ,- 75.5540 ,- 74.8242 ,- 74.0581 ,- 71.9902 ,- 66.6214 ,- 61.9562 ,- 51.2614 ,- 44.0450 ,- 26.0482 ,- 62.7025 ,- 66.6444 ,- 65.9146 ,- 66.9896 ,- 68.4789 ,- 64.8066 ,- 73.2099 ,- 72.6181 ,- 70.7902 ,- 64.6422 ,- 65.1452 ,- 57.4422 ,- 47.7830 ,- 40.3693 ,- 37.6932 , 21.4849 ,
03-13-2020 ,12:22:37 ,       9719.456, 250  ,            10  , 32  , 111  , 18.4866 ,- 47.2998 ,- 81.0543 ,- 61.7918 ,- 48.9403 ,- 73.8773 ,- 75.8696 ,- 76.3496 ,- 75.5968 ,- 74.4592 ,- 72.0921 ,- 66.3255 ,- 61.7589 ,- 50.9622 ,- 43.9496 ,- 25.3644 ,- 62.2159 ,- 66.1710 ,- 65.6220 ,- 66.7233 ,- 68.7617 ,- 64.7080 ,- 73.5091 ,- 73.1014 ,- 70.9841 ,- 65.7831 ,- 66.0822 ,- 58.3200 ,- 49.5091 ,- 42.1545 ,- 37.7918 , 21.1036 ,
03-13-2020 ,12:22:38 ,       9719.927, 250  ,            10  , 32  , 111  , 20.2652 ,- 42.8351 ,- 76.0406 ,- 58.7113 ,- 47.5529 ,- 72.1020 ,- 73.8970 ,- 74.7584 ,- 73.5650 ,- 73.2592 ,- 71.0894 ,- 65.9277 ,- 61.3611 ,- 51.2614 ,- 44.0450 ,- 30.2499 ,- 67.2165 ,- 69.4981 ,- 67.9595 ,- 68.2159 ,- 69.6132 ,- 65.3984 ,- 73.6077 ,- 72.7135 ,- 71.1781 ,- 64.6422 ,- 64.8625 ,- 57.2482 ,- 47.6910 ,- 40.5666 ,- 38.3869 , 20.0482 ,
03-13-2020 ,12:22:38 ,       9720.425, 250  ,            10  , 32  , 111  , 19.2789 ,- 42.3584 ,- 74.9984 ,- 58.4219 ,- 46.9611 ,- 72.2959 ,- 73.7984 ,- 75.0543 ,- 74.2422 ,- 73.0620 ,- 70.8888 ,- 65.7304 ,- 61.7589 ,- 50.4691 ,- 44.0450 ,- 29.9573 ,- 65.6483 ,- 67.5978 ,- 66.1085 ,- 66.6378 ,- 67.6274 ,- 63.5310 ,- 71.7206 ,- 71.2636 ,- 69.0477 ,- 63.5047 ,- 64.3924 ,- 56.8570 ,- 46.6882 ,- 40.3693 ,- 37.1967 , 20.4329 ,
03-13-2020 ,12:22:39 ,       9721.027, 250  ,            10  , 32  , 111  , 20.5644 ,- 45.3041 ,- 78.4439 ,- 60.0592 ,- 47.3556 ,- 71.8061 ,- 73.4039 ,- 74.0614 ,- 73.4663 ,- 72.4636 ,- 70.2872 ,- 65.2373 ,- 61.5617 ,- 49.6767 ,- 43.3808 ,- 25.0718 ,- 62.2159 ,- 66.0757 ,- 65.4247 ,- 66.3748 ,- 68.3836 ,- 64.5140 ,- 73.4105 ,- 72.6181 ,- 70.7902 ,- 64.6422 ,- 64.8625 ,- 57.0510 ,- 48.3288 ,- 40.8658 ,- 37.7918 , 20.3343 ,
03-13-2020 ,12:22:39 ,       9721.425, 250  ,            10  , 32  , 111  , 18.8811 ,- 41.8850 ,- 75.1036 ,- 58.5206 ,- 47.2570 ,- 72.2006 ,- 74.0943 ,- 75.0543 ,- 74.4362 ,- 73.1606 ,- 70.5896 ,- 65.2373 ,- 61.6603 ,- 50.1699 ,- 43.4762 ,- 29.9573 ,- 65.1584 ,- 67.5978 ,- 66.2072 ,- 66.7233 ,- 68.0055 ,- 63.8269 ,- 72.0165 ,- 71.6515 ,- 69.6296 ,- 64.0735 ,- 64.8625 ,- 57.7348 ,- 47.9639 ,- 40.7639 ,- 36.9995 , 20.7189 ,
03-13-2020 ,12:22:40 ,       9722.487, 250  ,            10  , 32  , 111  , 20.3638 ,- 41.4082 ,- 74.7880 ,- 58.0373 ,- 46.6619 ,- 71.3129 ,- 73.1080 ,- 74.0614 ,- 73.5650 ,- 72.5622 ,- 70.6883 ,- 65.4346 ,- 60.8647 ,- 51.1628 ,- 44.6170 ,- 30.8351 ,- 67.5124 ,- 69.4981 ,- 67.7655 ,- 68.1272 ,- 69.1398 ,- 65.2011 ,- 73.2099 ,- 72.5195 ,- 70.6948 ,- 64.5502 ,- 64.3924 ,- 56.6598 ,- 47.5102 ,- 40.3693 ,- 36.9995 , 21.2943 ,
03-13-2020 ,12:22:40 ,       9722.764, 250  ,            10  , 32  , 111  , 20.4658 ,- 41.0302 ,- 74.2685 ,- 58.2313 ,- 46.8625 ,- 72.2959 ,- 74.0943 ,- 75.1529 ,- 74.3376 ,- 73.5584 ,- 71.2899 ,- 66.1250 ,- 61.4598 ,- 50.1699 ,- 43.5682 ,- 32.7913 ,- 68.8866 ,- 70.0669 ,- 68.0581 ,- 67.6899 ,- 68.7617 ,- 64.3167 ,- 72.3157 ,- 71.8422 ,- 69.8203 ,- 63.7874 ,- 64.3924 ,- 56.3672 ,- 46.7803 ,- 40.1688 ,- 37.0981 , 21.3896 ,
03-13-2020 ,12:22:41 ,       9722.952, 250  ,            10  , 32  , 111  , 20.6630 ,- 40.8395 ,- 74.4757 ,- 58.1326 ,- 46.7639 ,- 71.1157 ,- 73.0094 ,- 73.6636 ,- 73.2724 ,- 72.0625 ,- 70.3858 ,- 64.9414 ,- 60.3683 ,- 50.9622 ,- 44.3310 ,- 32.3014 ,- 68.3968 ,- 69.5935 ,- 67.4729 ,- 67.3381 ,- 68.2883 ,- 63.8269 ,- 71.8192 ,- 71.0696 ,- 69.1431 ,- 63.4093 ,- 63.3600 ,- 55.5847 ,- 47.0532 ,- 39.7743 ,- 36.7989 , 20.5282 ,
03-13-2020 ,12:22:41 ,       9723.463, 250  ,            10  , 32  , 111  , 19.7721 ,- 41.2208 ,- 74.0581 ,- 57.5573 ,- 46.3661 ,- 71.4115 ,- 72.9074 ,- 73.8609 ,- 73.3710 ,- 71.9639 ,- 70.2872 ,- 64.8428 ,- 60.6641 ,- 49.9726 ,- 42.9995 ,- 30.5425 ,- 66.4340 ,- 68.5447 ,- 66.8877 ,- 66.6378 ,- 67.9102 ,- 63.9222 ,- 72.2170 ,- 71.2636 ,- 69.4357 ,- 63.3140 ,- 64.3003 ,- 56.8570 ,- 46.9644 ,- 40.5666 ,- 36.7989 , 21.4849 ,
03-13-2020 ,12:22:42 ,       9723.97, 250  ,             10  , 32  , 111  , 19.2789 ,- 40.0800 ,- 72.5951 ,- 56.4987 ,- 45.6724 ,- 69.8335 ,- 71.6252 ,- 72.7661 ,- 72.2104 ,- 71.0663 ,- 69.2844 ,- 63.9551 ,- 60.0691 ,- 49.6767 ,- 43.2855 ,- 31.0323 ,- 66.6280 ,- 68.5447 ,- 66.6937 ,- 66.6378 ,- 68.0055 ,- 63.4324 ,- 71.3228 ,- 71.1650 ,- 68.9491 ,- 63.3140 ,- 63.3600 ,- 55.8806 ,- 46.5995 ,- 39.5737 ,- 36.3058 , 21.6789 ,
03-13-2020 ,12:22:42 ,       9724.423, 250  ,            10  , 32  , 111  , 18.7825 ,- 42.2630 ,- 74.2685 ,- 57.7513 ,- 46.2674 ,- 70.9184 ,- 72.7102 ,- 73.4631 ,- 73.0784 ,- 71.9639 ,- 69.8861 ,- 64.7441 ,- 60.6641 ,- 50.1699 ,- 42.9995 ,- 29.6647 ,- 65.6483 ,- 67.7852 ,- 66.4998 ,- 66.7233 ,- 68.0055 ,- 63.9222 ,- 72.1184 ,- 71.1650 ,- 69.4357 ,- 63.3140 ,- 64.1129 ,- 56.3672 ,- 46.3266 ,- 40.1688 ,- 36.7989 , 21.2943 ,
03-13-2020 ,12:22:43 ,       9724.938, 250  ,            10  , 32  , 111  , 18.2893 ,- 42.9271 ,- 75.7283 ,- 58.7113 ,- 47.0597 ,- 71.7041 ,- 73.2066 ,- 74.1600 ,- 73.1770 ,- 72.3617 ,- 70.2872 ,- 65.1387 ,- 60.9633 ,- 49.8740 ,- 43.3808 ,- 29.1748 ,- 63.8828 ,- 66.8351 ,- 65.3294 ,- 66.0230 ,- 67.4368 ,- 63.1398 ,- 71.4214 ,- 71.1650 ,- 68.9491 ,- 63.5967 ,- 63.8302 ,- 56.6598 ,- 47.9639 ,- 40.7639 ,- 36.9995 , 20.2389 ,
03-13-2020 ,12:22:43 ,       9725.667, 250  ,            10  , 32  , 111  , 18.7825 ,- 45.3041 ,- 77.9211 ,- 59.6746 ,- 46.9611 ,- 71.5102 ,- 73.0094 ,- 73.9595 ,- 73.0784 ,- 71.8652 ,- 69.7874 ,- 64.9414 ,- 61.3611 ,- 49.2822 ,- 42.7134 ,- 27.0247 ,- 63.2943 ,- 66.4537 ,- 65.5233 ,- 66.3748 ,- 67.6274 ,- 64.0209 ,- 72.3157 ,- 71.3589 ,- 69.9189 ,- 63.4093 ,- 64.2050 ,- 55.9759 ,- 47.2340 ,- 40.4680 ,- 36.4044 , 20.8143 ,
03-13-2020 ,12:22:44 ,       9725.972, 250  ,            10  , 32  , 111  , 19.2789 ,- 40.1754 ,- 73.6406 ,- 57.6526 ,- 47.0597 ,- 71.5102 ,- 73.4992 ,- 74.4592 ,- 73.7589 ,- 72.6609 ,- 70.4877 ,- 65.0400 ,- 60.9633 ,- 49.9726 ,- 44.2356 ,- 32.6926 ,- 67.6110 ,- 69.1168 ,- 67.0817 ,- 67.0751 ,- 67.9102 ,- 63.7283 ,- 71.9178 ,- 71.4576 ,- 69.3370 ,- 63.8828 ,- 64.1129 ,- 56.5644 ,- 47.8718 ,- 40.8658 ,- 37.3940 , 20.2389 ,
03-13-2020 ,12:22:44 ,       9726.423, 250  ,            10  , 32  , 111  , 19.4762 ,- 42.9271 ,- 76.0406 ,- 58.7113 ,- 47.3556 ,- 72.5951 ,- 74.0943 ,- 75.1529 ,- 74.3376 ,- 73.0620 ,- 71.1913 ,- 65.6318 ,- 62.0548 ,- 51.0608 ,- 44.2356 ,- 30.7365 ,- 66.9239 ,- 69.3074 ,- 67.5715 ,- 68.0417 ,- 69.3272 ,- 65.1025 ,- 73.7096 ,- 72.3288 ,- 71.0795 ,- 64.4548 ,- 64.9578 ,- 57.2482 ,- 47.6910 ,- 40.9644 ,- 37.4926 , 20.5282 ,
03-13-2020 ,12:22:45 ,       9726.929, 250  ,            10  , 32  , 111  , 18.5852 ,- 42.9271 ,- 75.9387 ,- 58.9052 ,- 47.4543 ,- 72.3946 ,- 74.3902 ,- 75.5540 ,- 74.5315 ,- 73.4598 ,- 71.3885 ,- 66.0263 ,- 61.1639 ,- 51.6559 ,- 44.9030 ,- 31.1277 ,- 67.3151 ,- 69.4981 ,- 67.8609 ,- 68.0417 ,- 69.3272 ,- 64.9052 ,- 73.2099 ,- 73.0028 ,- 70.5962 ,- 65.2143 ,- 65.3326 ,- 57.8335 ,- 48.3288 ,- 41.0630 ,- 37.4926 , 21.1989 ,
03-13-2020 ,12:22:45 ,       9727.442, 250  ,            10  , 32  , 111  , 20.1666 ,- 41.9803 ,- 74.8932 ,- 58.0373 ,- 46.6619 ,- 71.8061 ,- 73.3052 ,- 74.2587 ,- 74.1469 ,- 73.0620 ,- 70.9874 ,- 65.3359 ,- 60.8647 ,- 51.5573 ,- 44.0450 ,- 31.9102 ,- 68.2981 ,- 70.0669 ,- 67.9595 ,- 68.0417 ,- 69.0444 ,- 64.6094 ,- 73.0126 ,- 71.9409 ,- 70.2083 ,- 63.5047 ,- 64.1129 ,- 55.7819 ,- 46.5074 ,- 40.3693 ,- 36.9995 , 21.2943 ,
03-13-2020 ,12:22:46 ,       9727.96, 250  ,             10  , 32  , 111  , 19.0784 ,- 40.4614 ,- 73.6406 ,- 57.8466 ,- 46.8625 ,- 71.9047 ,- 73.6998 ,- 74.6565 ,- 73.7589 ,- 72.9600 ,- 70.6883 ,- 65.3359 ,- 61.1639 ,- 50.5677 ,- 44.8044 ,- 33.0839 ,- 68.4921 ,- 70.1622 ,- 67.6669 ,- 67.6899 ,- 68.6663 ,- 64.6094 ,- 72.2170 ,- 72.0362 ,- 69.4357 ,- 64.0735 ,- 64.6751 ,- 56.9524 ,- 47.8718 ,- 40.7639 ,- 37.2954 , 21.1036 ,
03-13-2020 ,12:22:46 ,       9728.501, 250  ,            10  , 32  , 111  , 18.7825 ,- 45.2088 ,- 77.8159 ,- 59.3852 ,- 47.2570 ,- 72.2959 ,- 73.4039 ,- 74.4592 ,- 73.6603 ,- 72.6609 ,- 70.7869 ,- 65.8291 ,- 61.4598 ,- 50.3671 ,- 43.7622 ,- 29.0762 ,- 65.8455 ,- 68.6433 ,- 67.3743 ,- 67.5157 ,- 69.0444 ,- 65.3984 ,- 73.1113 ,- 72.4241 ,- 70.8888 ,- 64.2641 ,- 64.4877 ,- 56.6598 ,- 47.2340 ,- 40.6652 ,- 37.6932 , 21.0049 ,
03-13-2020 ,12:22:47 ,       9728.957, 250  ,            10  , 32  , 111  , 20.5644 ,- 41.0302 ,- 74.6828 ,- 58.1326 ,- 46.8625 ,- 71.6088 ,- 73.4039 ,- 74.2587 ,- 73.2724 ,- 72.1644 ,- 70.0866 ,- 64.9414 ,- 60.8647 ,- 49.9726 ,- 43.7622 ,- 32.0088 ,- 68.4921 ,- 70.4483 ,- 68.3507 ,- 68.3902 ,- 69.5178 ,- 65.2011 ,- 73.3118 ,- 72.6181 ,- 70.0176 ,- 64.2641 ,- 64.8625 ,- 58.1261 ,- 46.7803 ,- 40.6652 ,- 37.5945 , 19.8575 ,
03-13-2020 ,12:22:47 ,       9729.434, 250  ,            10  , 32  , 111  , 19.7721 ,- 42.8351 ,- 76.2510 ,- 58.8066 ,- 47.3556 ,- 72.5951 ,- 74.1929 ,- 75.1529 ,- 74.8242 ,- 73.4598 ,- 71.1913 ,- 66.1250 ,- 62.0548 ,- 51.8532 ,- 44.6170 ,- 31.0323 ,- 68.1009 ,- 70.0669 ,- 68.6400 ,- 68.5644 ,- 69.4225 ,- 65.1025 ,- 73.4105 ,- 72.3288 ,- 70.9841 ,- 64.3562 ,- 64.3924 ,- 56.9524 ,- 47.0532 ,- 40.3693 ,- 37.6932 , 21.1989 ,
03-13-2020 ,12:22:48 ,       9730.006, 250  ,            10  , 32  , 111  , 19.6734 ,- 41.8850 ,- 75.2055 ,- 58.7113 ,- 47.5529 ,- 72.6937 ,- 74.6861 ,- 75.6526 ,- 74.8242 ,- 73.6603 ,- 71.5891 ,- 65.9277 ,- 61.9562 ,- 51.0608 ,- 44.4263 ,- 34.0603 ,- 70.4548 ,- 71.5891 ,- 69.1299 ,- 69.0904 ,- 69.9913 ,- 65.5924 ,- 73.0126 ,- 73.0028 ,- 70.4022 ,- 64.7376 ,- 65.4247 ,- 57.7348 ,- 48.0559 ,- 41.3589 ,- 37.5945 , 20.2389 ,
03-13-2020 ,12:22:48 ,       9730.453, 250  ,            10  , 32  , 111  , 19.2789 ,- 43.7852 ,- 76.9809 ,- 59.5792 ,- 47.9507 ,- 73.0850 ,- 74.5874 ,- 75.6526 ,- 75.2088 ,- 74.1568 ,- 71.4904 ,- 66.1250 ,- 62.4559 ,- 50.9622 ,- 44.3310 ,- 29.4674 ,- 66.2367 ,- 68.7387 ,- 67.6669 ,- 68.2159 ,- 69.7085 ,- 65.5924 ,- 74.0055 ,- 73.3907 ,- 72.1480 ,- 65.6877 ,- 65.6121 ,- 58.1261 ,- 49.0554 ,- 41.7567 ,- 37.7918 , 21.3896 ,
03-13-2020 ,12:22:49 ,       9731.517, 250  ,            10  , 32  , 111  , 21.5540 ,- 40.9348 ,- 75.5211 ,- 59.1946 ,- 47.7534 ,- 73.4795 ,- 75.5770 ,- 76.4483 ,- 75.6954 ,- 74.4592 ,- 72.4932 ,- 66.9173 ,- 62.1567 ,- 51.8532 ,- 44.6170 ,- 33.3765 ,- 70.5535 ,- 71.5891 ,- 69.4225 ,- 69.0904 ,- 69.7085 ,- 65.3984 ,- 73.7096 ,- 73.2921 ,- 70.8888 ,- 65.2143 ,- 65.7074 ,- 57.6362 ,- 48.4176 ,- 41.1617 ,- 37.7918 , 21.1036 ,
03-13-2020 ,12:22:49 ,       9731.63, 250  ,             10  , 32  , 111  , 19.5748 ,- 42.1677 ,- 75.8335 ,- 59.0959 ,- 47.8521 ,- 72.8877 ,- 74.9820 ,- 75.7513 ,- 74.9195 ,- 73.9595 ,- 71.9902 ,- 66.9173 ,- 63.2483 ,- 51.8532 ,- 45.5671 ,- 33.3765 ,- 69.6724 ,- 71.2077 ,- 69.2252 ,- 69.2680 ,- 70.1787 ,- 65.8883 ,- 74.1074 ,- 73.5847 ,- 71.4674 ,- 65.6877 ,- 65.6121 ,- 57.8335 ,- 48.7825 ,- 40.8658 ,- 38.4855 , 19.8575 ,
03-13-2020 ,12:22:50 ,       9731.953, 250  ,            10  , 32  , 111  , 17.9934 ,- 45.9682 ,- 78.9633 ,- 60.6378 ,- 48.0493 ,- 73.4795 ,- 74.5874 ,- 75.5540 ,- 75.1135 ,- 74.1568 ,- 71.8915 ,- 66.2269 ,- 60.8647 ,- 51.2614 ,- 44.2356 ,- 27.6132 ,- 63.3896 ,- 67.2165 ,- 66.3025 ,- 66.9896 ,- 68.6663 ,- 65.0039 ,- 73.2099 ,- 72.4241 ,- 70.5009 ,- 64.7376 ,- 65.7074 ,- 56.8570 ,- 48.1447 ,- 42.1545 ,- 37.7918 , 21.1989 ,
03-13-2020 ,12:22:50 ,       9732.461, 250  ,            10  , 32  , 111  , 20.2652 ,- 41.0302 ,- 74.7880 ,- 58.2313 ,- 47.3556 ,- 72.3946 ,- 74.2915 ,- 75.1529 ,- 74.8242 ,- 73.4598 ,- 71.4904 ,- 65.9277 ,- 61.8576 ,- 52.0504 ,- 45.1858 ,- 32.7913 ,- 69.5737 ,- 70.9217 ,- 68.9359 ,- 68.8274 ,- 69.8006 ,- 65.2011 ,- 73.4105 ,- 72.8088 ,- 70.8888 ,- 64.9283 ,- 64.6751 ,- 57.2482 ,- 47.8718 ,- 40.5666 ,- 37.9891 , 20.6236 ,
03-13-2020 ,12:22:51 ,       9732.98, 250  ,             10  , 32  , 111  , 19.1803 ,- 40.1754 ,- 73.8510 ,- 58.1326 ,- 47.0597 ,- 72.5951 ,- 74.1929 ,- 74.7584 ,- 74.6302 ,- 73.4598 ,- 71.4904 ,- 65.8291 ,- 61.1639 ,- 51.0608 ,- 44.4263 ,- 34.7441 ,- 69.6724 ,- 70.7343 ,- 68.5447 ,- 68.3902 ,- 69.1398 ,- 64.8066 ,- 72.8154 ,- 72.2302 ,- 70.4022 ,- 64.1688 ,- 65.2373 ,- 57.1496 ,- 47.7830 ,- 41.2603 ,- 37.7918 , 21.5803 ,
03-13-2020 ,12:22:51 ,       9733.456, 250  ,            10  , 32  , 111  , 19.6734 ,- 43.4039 ,- 77.3984 ,- 59.9639 ,- 47.9507 ,- 73.3809 ,- 74.9820 ,- 75.7513 ,- 75.0181 ,- 73.7589 ,- 71.6910 ,- 66.9173 ,- 63.2483 ,- 51.1628 ,- 44.4263 ,- 30.4439 ,- 67.1211 ,- 69.4028 ,- 67.9595 ,- 68.5644 ,- 70.1787 ,- 65.5924 ,- 73.7096 ,- 73.3907 ,- 71.2735 ,- 65.1189 ,- 65.2373 ,- 58.5173 ,- 48.4176 ,- 40.9644 ,- 38.1863 , 21.1989 ,
03-13-2020 ,12:22:52 ,       9734.075, 250  ,            10  , 32  , 111  , 18.7825 ,- 42.5491 ,- 75.5211 ,- 58.6159 ,- 46.9611 ,- 72.4965 ,- 74.0943 ,- 75.0543 ,- 74.5315 ,- 73.4598 ,- 71.0894 ,- 66.2269 ,- 62.0548 ,- 50.5677 ,- 44.0450 ,- 30.9337 ,- 66.6280 ,- 68.7387 ,- 67.0817 ,- 67.3381 ,- 68.3836 ,- 64.3167 ,- 72.6148 ,- 71.6515 ,- 70.0176 ,- 63.5967 ,- 64.5830 ,- 56.4658 ,- 46.7803 ,- 40.2707 ,- 36.9995 , 22.0603 ,
03-13-2020 ,12:22:52 ,       9734.465, 250  ,            10  , 32  , 111  , 19.5748 ,- 43.4039 ,- 76.5633 ,- 59.2899 ,- 47.2570 ,- 72.0033 ,- 73.6998 ,- 74.1600 ,- 73.2724 ,- 72.3617 ,- 69.9880 ,- 65.3359 ,- 60.9633 ,- 49.4795 ,- 42.8088 ,- 29.5660 ,- 65.7469 ,- 67.9759 ,- 66.4998 ,- 66.6378 ,- 68.0055 ,- 63.4324 ,- 71.8192 ,- 71.3589 ,- 69.4357 ,- 63.4093 ,- 63.5474 ,- 56.1732 ,- 47.0532 ,- 40.4680 ,- 36.9995 , 22.0603 ,
03-13-2020 ,12:22:53 ,       9734.942, 250  ,            10  , 32  , 111  , 19.2789 ,- 43.2132 ,- 76.2510 ,- 59.1946 ,- 47.0597 ,- 72.1020 ,- 73.6998 ,- 74.5578 ,- 73.8543 ,- 72.6609 ,- 70.6883 ,- 65.5332 ,- 60.8647 ,- 50.9622 ,- 43.8543 ,- 30.6411 ,- 66.9239 ,- 69.2121 ,- 67.0817 ,- 67.1639 ,- 68.0055 ,- 64.0209 ,- 72.1184 ,- 70.9743 ,- 69.4357 ,- 62.8373 ,- 63.6428 ,- 55.5847 ,- 46.0537 ,- 39.9715 ,- 37.0981 , 21.7743 ,
03-13-2020 ,12:22:53 ,       9735.49, 250  ,             10  , 32  , 111  , 14.8274 ,- 49.2954 ,- 80.9491 ,- 61.0225 ,- 47.8521 ,- 72.2959 ,- 73.6998 ,- 74.1600 ,- 73.0784 ,- 72.0625 ,- 69.9880 ,- 64.9414 ,- 60.1677 ,- 49.9726 ,- 44.1403 ,- 25.3644 ,- 60.7430 ,- 65.2176 ,- 65.0368 ,- 65.8488 ,- 67.9102 ,- 63.6296 ,- 72.0165 ,- 71.9409 ,- 69.5310 ,- 64.1688 ,- 64.3924 ,- 57.0510 ,- 47.8718 ,- 41.6581 ,- 37.2954 , 21.1989 ,
03-13-2020 ,12:22:54 ,       9735.944, 250  ,            10  , 32  , 111  , 20.7617 ,- 44.2587 ,- 78.1283 ,- 59.8652 ,- 47.6548 ,- 72.8877 ,- 74.1929 ,- 75.2548 ,- 74.7255 ,- 73.5584 ,- 71.4904 ,- 66.6214 ,- 61.1639 ,- 50.5677 ,- 43.8543 ,- 29.7600 ,- 66.7266 ,- 69.0214 ,- 67.1803 ,- 67.6011 ,- 69.0444 ,- 64.9052 ,- 73.3118 ,- 72.1315 ,- 70.5009 ,- 63.9781 ,- 64.6751 ,- 56.3672 ,- 47.4181 ,- 40.8658 ,- 37.3940 , 21.9649 ,
03-13-2020 ,12:22:54 ,       9736.471, 250  ,            10  , 32  , 111  , 20.4658 ,- 41.2208 ,- 74.3705 ,- 58.2313 ,- 46.7639 ,- 71.5102 ,- 73.4992 ,- 74.5578 ,- 73.5650 ,- 72.4636 ,- 70.4877 ,- 65.0400 ,- 61.1639 ,- 49.7754 ,- 43.7622 ,- 30.3485 ,- 66.4340 ,- 68.5447 ,- 67.0817 ,- 67.2494 ,- 68.7617 ,- 64.4154 ,- 72.7135 ,- 72.4241 ,- 70.0176 ,- 64.5502 ,- 64.5830 ,- 57.3436 ,- 47.5989 ,- 40.3693 ,- 37.3940 , 22.0603 ,
03-13-2020 ,12:22:55 ,       9736.963, 250  ,            10  , 32  , 111  , 18.5852 ,- 46.5370 ,- 79.5913 ,- 60.3485 ,- 47.2570 ,- 72.0033 ,- 73.2066 ,- 73.9595 ,- 73.2724 ,- 72.2631 ,- 69.9880 ,- 64.8428 ,- 60.6641 ,- 49.3808 ,- 42.9995 ,- 25.8543 ,- 62.8011 ,- 66.2663 ,- 65.6220 ,- 66.6378 ,- 67.8148 ,- 64.4154 ,- 72.6148 ,- 71.6515 ,- 70.1129 ,- 63.7874 ,- 64.2050 ,- 56.1732 ,- 47.7830 ,- 40.3693 ,- 36.4044 , 22.3496 ,
03-13-2020 ,12:22:55 ,       9737.484, 250  ,            10  , 32  , 111  , 15.7184 ,- 45.0181 ,- 76.9809 ,- 58.7113 ,- 46.6619 ,- 70.8198 ,- 72.7102 ,- 73.4631 ,- 72.4998 ,- 71.5628 ,- 69.2844 ,- 64.0504 ,- 58.7770 ,- 49.6767 ,- 43.5682 ,- 28.4910 ,- 63.6855 ,- 66.8351 ,- 65.5233 ,- 65.9376 ,- 67.2494 ,- 63.3337 ,- 71.2209 ,- 70.9743 ,- 68.6598 ,- 63.0280 ,- 63.8302 ,- 55.4861 ,- 47.5989 ,- 40.7639 ,- 36.7003 , 21.5803 ,
03-13-2020 ,12:22:56 ,       9737.99, 250  ,             10  , 32  , 111  , 20.1666 ,- 39.2252 ,- 72.5951 ,- 57.2680 ,- 46.4647 ,- 71.9047 ,- 73.6998 ,- 74.9557 ,- 74.4362 ,- 73.6603 ,- 71.5891 ,- 66.0263 ,- 61.4598 ,- 52.2477 ,- 44.9030 ,- 33.4751 ,- 69.2778 ,- 70.4483 ,- 68.1567 ,- 67.6899 ,- 68.9524 ,- 64.5140 ,- 72.9140 ,- 71.8422 ,- 70.4022 ,- 63.6921 ,- 64.3924 ,- 56.4658 ,- 47.3261 ,- 40.2707 ,- 37.1967 , 21.1036 ,
03-13-2020 ,12:22:56 ,       9738.48, 250  ,             10  , 32  , 111  , 17.9934 ,- 44.4493 ,- 77.7140 ,- 59.9639 ,- 47.6548 ,- 72.8877 ,- 74.6861 ,- 75.0543 ,- 74.0483 ,- 72.9600 ,- 70.7869 ,- 65.5332 ,- 60.5655 ,- 50.3671 ,- 43.9496 ,- 29.2734 ,- 65.2537 ,- 67.7852 ,- 66.3025 ,- 66.8121 ,- 68.1962 ,- 63.9222 ,- 72.2170 ,- 71.9409 ,- 69.8203 ,- 63.8828 ,- 65.0499 ,- 57.3436 ,- 48.1447 ,- 41.2603 ,- 36.8976 , 21.7743 ,
03-13-2020 ,12:22:57 ,       9738.992, 250  ,            10  , 32  , 111  , 20.1666 ,- 43.5945 ,- 77.1913 ,- 59.2899 ,- 47.3556 ,- 71.9047 ,- 73.6011 ,- 74.4592 ,- 73.7589 ,- 72.8614 ,- 70.7869 ,- 65.5332 ,- 60.4669 ,- 49.9726 ,- 43.4762 ,- 27.6132 ,- 64.1754 ,- 67.1211 ,- 66.0099 ,- 66.7233 ,- 68.4789 ,- 64.3167 ,- 72.9140 ,- 72.1315 ,- 70.6948 ,- 64.3562 ,- 64.3003 ,- 56.4658 ,- 48.1447 ,- 40.7639 ,- 36.9995 , 21.1989 ,
03-13-2020 ,12:22:57 ,       9739.487, 250  ,            10  , 32  , 111  , 18.9797 ,- 47.1091 ,- 80.0088 ,- 60.9272 ,- 48.1480 ,- 72.9863 ,- 74.3902 ,- 75.1529 ,- 74.1469 ,- 73.0620 ,- 70.5896 ,- 65.5332 ,- 59.9704 ,- 49.5781 ,- 43.0948 ,- 24.3880 ,- 60.9403 ,- 64.7441 ,- 64.2576 ,- 65.6746 ,- 66.7759 ,- 63.1398 ,- 71.3228 ,- 71.4576 ,- 69.1431 ,- 63.6921 ,- 64.4877 ,- 56.7584 ,- 48.4176 ,- 41.3589 ,- 37.1967 , 20.9096 ,
03-13-2020 ,12:22:58 ,       9739.99, 250  ,             10  , 32  , 111  , 20.0680 ,- 40.5534 ,- 74.0581 ,- 57.8466 ,- 46.8625 ,- 71.5102 ,- 73.4039 ,- 74.0614 ,- 73.8543 ,- 72.5622 ,- 70.7869 ,- 65.4346 ,- 61.2625 ,- 50.5677 ,- 43.7622 ,- 31.0323 ,- 66.7266 ,- 68.1666 ,- 66.8877 ,- 66.6378 ,- 68.1009 ,- 63.7283 ,- 72.0165 ,- 71.1650 ,- 69.7250 ,- 63.4093 ,- 63.4554 ,- 55.8806 ,- 47.3261 ,- 39.9715 ,- 37.1967 , 20.7189 ,
03-13-2020 ,12:22:58 ,       9740.497, 250  ,            10  , 32  , 111  , 19.5748 ,- 42.7397 ,- 75.7283 ,- 58.6159 ,- 46.7639 ,- 72.4965 ,- 73.4039 ,- 74.0614 ,- 73.3710 ,- 72.6609 ,- 69.9880 ,- 64.7441 ,- 60.7628 ,- 49.8740 ,- 43.8543 ,- 31.4236 ,- 67.5124 ,- 69.4981 ,- 67.5715 ,- 67.6011 ,- 68.6663 ,- 64.5140 ,- 72.4143 ,- 71.6515 ,- 69.4357 ,- 63.8828 ,- 64.8625 ,- 56.9524 ,- 47.6910 ,- 40.7639 ,- 37.2954 , 20.5282 ,
03-13-2020 ,12:22:59 ,       9740.956, 250  ,            10  , 32  , 111  , 20.6630 ,- 39.3206 ,- 72.5951 ,- 56.4987 ,- 46.1688 ,- 70.5239 ,- 72.6115 ,- 73.6636 ,- 73.4663 ,- 72.4636 ,- 70.3858 ,- 65.2373 ,- 60.9633 ,- 51.0608 ,- 44.2356 ,- 33.1792 ,- 69.6724 ,- 70.7343 ,- 68.5447 ,- 68.3902 ,- 69.7085 ,- 65.1025 ,- 73.3118 ,- 72.6181 ,- 70.5962 ,- 64.4548 ,- 64.4877 ,- 57.0510 ,- 47.0532 ,- 39.8729 ,- 37.4926 , 22.6356 ,
03-13-2020 ,12:22:59 ,       9741.521, 250  ,            10  , 32  , 111  , 15.3238 ,- 45.9682 ,- 78.0263 ,- 59.9639 ,- 48.0493 ,- 73.6768 ,- 75.1792 ,- 75.9485 ,- 75.1135 ,- 74.1568 ,- 72.2926 ,- 66.5228 ,- 62.0548 ,- 52.0504 ,- 44.9030 ,- 28.7836 ,- 63.1957 ,- 66.1710 ,- 65.1354 ,- 65.5858 ,- 66.7759 ,- 63.0411 ,- 71.2209 ,- 70.1984 ,- 68.4658 ,- 62.3639 ,- 63.5474 ,- 55.2921 ,- 46.4187 ,- 39.9715 ,- 36.8976 , 21.3896 ,
03-13-2020 ,12:23:00 ,       9741.983, 250  ,            10  , 32  , 111  , 19.3775 ,- 40.0800 ,- 73.3283 ,- 57.3633 ,- 46.8625 ,- 71.3129 ,- 73.4039 ,- 74.3573 ,- 73.4663 ,- 72.4636 ,- 70.7869 ,- 65.5332 ,- 61.3611 ,- 50.5677 ,- 43.8543 ,- 33.6691 ,- 68.7880 ,- 69.7809 ,- 67.5715 ,- 67.3381 ,- 68.2883 ,- 64.2181 ,- 71.8192 ,- 71.3589 ,- 69.3370 ,- 63.2187 ,- 62.9852 ,- 55.8806 ,- 47.2340 ,- 39.8729 ,- 36.9995 , 20.6236 ,
03-13-2020 ,12:23:00 ,       9742.463, 250  ,            10  , 32  , 111  , 17.3984 ,- 40.2674 ,- 73.3283 ,- 57.7513 ,- 46.8625 ,- 72.1020 ,- 73.7984 ,- 74.5578 ,- 74.4362 ,- 73.3611 ,- 71.5891 ,- 65.9277 ,- 61.2625 ,- 51.8532 ,- 44.8044 ,- 33.0839 ,- 67.8050 ,- 69.6888 ,- 67.6669 ,- 67.6011 ,- 68.7617 ,- 64.4154 ,- 72.3157 ,- 71.3589 ,- 69.4357 ,- 63.4093 ,- 64.5830 ,- 56.6598 ,- 47.2340 ,- 40.3693 ,- 37.2954 , 21.4849 ,
03-13-2020 ,12:23:01 ,       9742.984, 250  ,            10  , 32  , 111  , 17.6943 ,- 45.9682 ,- 78.7562 ,- 59.9639 ,- 47.8521 ,- 72.3946 ,- 73.6011 ,- 74.0614 ,- 73.3710 ,- 72.3617 ,- 70.2872 ,- 65.0400 ,- 60.3683 ,- 50.5677 ,- 44.1403 ,- 28.0997 ,- 64.0767 ,- 67.4072 ,- 66.4998 ,- 67.1639 ,- 68.8570 ,- 64.6094 ,- 72.8154 ,- 72.3288 ,- 70.3069 ,- 64.4548 ,- 64.5830 ,- 56.4658 ,- 47.9639 ,- 41.1617 ,- 37.5945 , 20.6236 ,
03-13-2020 ,12:23:01 ,       9743.51, 250  ,             10  , 32  , 111  , 19.2789 ,- 46.0636 ,- 79.9069 ,- 60.9272 ,- 47.9507 ,- 72.9863 ,- 74.1929 ,- 74.9557 ,- 74.4362 ,- 73.1606 ,- 71.1913 ,- 65.9277 ,- 61.6603 ,- 50.6663 ,- 43.2855 ,- 26.1469 ,- 62.8011 ,- 66.3617 ,- 65.5233 ,- 66.4636 ,- 68.0055 ,- 64.2181 ,- 72.9140 ,- 72.2302 ,- 70.4022 ,- 64.3562 ,- 65.2373 ,- 56.8570 ,- 48.7825 ,- 41.7567 ,- 37.0981 , 21.2943 ,
03-13-2020 ,12:23:02 ,       9744.011, 250  ,            10  , 32  , 111  , 17.9934 ,- 47.6778 ,- 80.0088 ,- 60.6378 ,- 47.8521 ,- 72.6937 ,- 74.0943 ,- 74.9557 ,- 73.8543 ,- 72.5622 ,- 70.7869 ,- 65.1387 ,- 60.2696 ,- 50.0713 ,- 43.5682 ,- 25.7556 ,- 62.6072 ,- 66.2663 ,- 65.5233 ,- 66.2006 ,- 68.0055 ,- 63.9222 ,- 72.5162 ,- 71.9409 ,- 70.2083 ,- 64.4548 ,- 64.7704 ,- 56.6598 ,- 48.5096 ,- 41.1617 ,- 37.0981 , 21.3896 ,
03-13-2020 ,12:23:02 ,       9744.484, 250  ,            10  , 32  , 111  , 18.5852 ,- 42.3584 ,- 75.2055 ,- 58.2313 ,- 46.9611 ,- 72.1020 ,- 73.8970 ,- 74.8570 ,- 74.0483 ,- 73.0620 ,- 70.6883 ,- 65.7304 ,- 62.1567 ,- 50.4691 ,- 43.3808 ,- 30.2499 ,- 66.0395 ,- 68.2620 ,- 66.6937 ,- 66.9896 ,- 68.1009 ,- 64.2181 ,- 72.5162 ,- 71.4576 ,- 69.6296 ,- 63.4093 ,- 63.8302 ,- 57.0510 ,- 46.8724 ,- 40.5666 ,- 36.9995 , 20.5282 ,
03-13-2020 ,12:23:03 ,       9745.007, 250  ,            10  , 32  , 111  , 17.1025 ,- 42.3584 ,- 74.9984 ,- 58.3266 ,- 47.3556 ,- 72.0033 ,- 74.2915 ,- 75.2548 ,- 74.5315 ,- 73.2592 ,- 70.7869 ,- 66.0263 ,- 61.9562 ,- 50.9622 ,- 44.5217 ,- 31.8115 ,- 67.3151 ,- 69.3074 ,- 67.6669 ,- 68.2159 ,- 69.0444 ,- 64.8066 ,- 72.9140 ,- 72.8088 ,- 70.5009 ,- 65.2143 ,- 64.9578 ,- 57.6362 ,- 48.6017 ,- 41.0630 ,- 37.4926 , 21.0049 ,
03-13-2020 ,12:23:03 ,       9745.485, 250  ,            10  , 32  , 111  , 17.8948 ,- 45.3995 ,- 78.4439 ,- 59.8652 ,- 47.3556 ,- 72.2959 ,- 73.1080 ,- 74.3573 ,- 73.7589 ,- 72.6609 ,- 70.6883 ,- 64.7441 ,- 59.9704 ,- 50.2685 ,- 43.3808 ,- 29.7600 ,- 65.4510 ,- 67.9759 ,- 66.6937 ,- 67.1639 ,- 68.8570 ,- 64.7080 ,- 72.9140 ,- 71.8422 ,- 70.4022 ,- 64.0735 ,- 64.6751 ,- 56.6598 ,- 47.5102 ,- 40.8658 ,- 36.8976 , 22.4449 ,
03-13-2020 ,12:23:04 ,       9746.015, 250  ,            10  , 32  , 111  , 18.9797 ,- 43.3085 ,- 76.4614 ,- 59.0959 ,- 47.5529 ,- 72.2959 ,- 74.1929 ,- 75.0543 ,- 74.3376 ,- 73.2592 ,- 70.8888 ,- 66.0263 ,- 60.8647 ,- 51.2614 ,- 44.3310 ,- 29.8586 ,- 65.8455 ,- 68.2620 ,- 66.8877 ,- 67.3381 ,- 68.6663 ,- 64.8066 ,- 73.1113 ,- 72.7135 ,- 70.0176 ,- 64.7376 ,- 64.9578 ,- 56.6598 ,- 47.5989 ,- 40.7639 ,- 37.4926 , 20.0482 ,
03-13-2020 ,12:23:04 ,       9746.488, 250  ,            10  , 32  , 111  , 19.7721 ,- 42.8351 ,- 75.6263 ,- 58.7113 ,- 46.7639 ,- 71.7041 ,- 73.1080 ,- 73.7622 ,- 73.4663 ,- 72.2631 ,- 70.1852 ,- 65.2373 ,- 60.8647 ,- 49.4795 ,- 43.0948 ,- 30.2499 ,- 65.5496 ,- 68.2620 ,- 66.9863 ,- 66.9896 ,- 68.4789 ,- 64.6094 ,- 72.9140 ,- 71.6515 ,- 70.0176 ,- 63.6921 ,- 64.3003 ,- 57.2482 ,- 47.8718 ,- 40.4680 ,- 36.7989 , 21.8696 ,
03-13-2020 ,12:23:05 ,       9747.012, 250  ,            10  , 32  , 111  , 17.7962 ,- 45.4948 ,- 78.9633 ,- 60.6378 ,- 48.4439 ,- 73.2855 ,- 74.9820 ,- 75.9485 ,- 74.9195 ,- 73.6603 ,- 71.4904 ,- 65.8291 ,- 61.3611 ,- 51.0608 ,- 44.0450 ,- 28.3923 ,- 64.0767 ,- 67.4072 ,- 66.6937 ,- 67.1639 ,- 68.8570 ,- 64.7080 ,- 72.9140 ,- 72.8088 ,- 70.8888 ,- 65.2143 ,- 65.6121 ,- 58.0274 ,- 49.6011 ,- 41.6581 ,- 36.8976 , 20.4329 ,
03-13-2020 ,12:23:05 ,       9747.52, 250  ,             10  , 32  , 111  , 19.5748 ,- 43.7852 ,- 77.0861 ,- 59.5792 ,- 47.3556 ,- 72.1020 ,- 73.2066 ,- 74.1600 ,- 73.7589 ,- 72.5622 ,- 70.5896 ,- 64.9414 ,- 61.2625 ,- 50.4691 ,- 43.2855 ,- 28.7836 ,- 65.1584 ,- 67.9759 ,- 66.8877 ,- 67.2494 ,- 68.4789 ,- 64.8066 ,- 73.4105 ,- 72.3288 ,- 70.7902 ,- 64.4548 ,- 64.5830 ,- 56.9524 ,- 48.4176 ,- 40.1688 ,- 37.2954 , 20.8143 ,
03-13-2020 ,12:23:06 ,       9748.028, 250  ,            10  , 32  , 111  , 18.7825 ,- 42.7397 ,- 76.1458 ,- 58.7113 ,- 47.0597 ,- 71.8061 ,- 73.2066 ,- 73.9595 ,- 73.2724 ,- 72.3617 ,- 70.2872 ,- 64.7441 ,- 59.7699 ,- 50.9622 ,- 44.1403 ,- 30.1512 ,- 65.5496 ,- 68.1666 ,- 66.4011 ,- 66.8121 ,- 68.1009 ,- 63.4324 ,- 71.9178 ,- 71.6515 ,- 69.2417 ,- 63.8828 ,- 64.4877 ,- 56.5644 ,- 47.6910 ,- 40.8658 ,- 36.7003 , 22.4449 ,
03-13-2020 ,12:23:06 ,       9748.513, 250  ,            10  , 32  , 111  , 19.3775 ,- 39.7940 ,- 72.9107 ,- 57.4587 ,- 46.2674 ,- 71.3129 ,- 73.3052 ,- 74.2587 ,- 73.8543 ,- 72.9600 ,- 70.8888 ,- 65.8291 ,- 61.9562 ,- 50.9622 ,- 44.4263 ,- 32.4954 ,- 68.0022 ,- 69.4028 ,- 67.6669 ,- 67.3381 ,- 68.5710 ,- 64.0209 ,- 72.1184 ,- 71.2636 ,- 69.9189 ,- 63.4093 ,- 63.5474 ,- 56.6598 ,- 46.6882 ,- 39.7743 ,- 37.2954 , 20.3343 ,
03-13-2020 ,12:23:07 ,       9749.021, 250  ,            10  , 32  , 111  , 17.8948 ,- 42.7397 ,- 75.6263 ,- 58.8066 ,- 47.4543 ,- 72.4965 ,- 74.0943 ,- 74.7584 ,- 73.8543 ,- 73.2592 ,- 71.0894 ,- 65.8291 ,- 60.2696 ,- 50.1699 ,- 43.5682 ,- 30.3485 ,- 65.0598 ,- 67.0258 ,- 65.7206 ,- 66.2006 ,- 67.5321 ,- 63.5310 ,- 71.4214 ,- 70.9743 ,- 69.3370 ,- 63.5967 ,- 64.4877 ,- 56.2685 ,- 47.5102 ,- 41.3589 ,- 37.2954 , 21.5803 ,
03-13-2020 ,12:23:07 ,       9749.493, 250  ,            10  , 32  , 111  , 18.3880 ,- 48.1545 ,- 81.3666 ,- 61.3085 ,- 47.9507 ,- 72.7924 ,- 74.1929 ,- 74.5578 ,- 73.9496 ,- 72.6609 ,- 70.6883 ,- 65.2373 ,- 60.5655 ,- 50.1699 ,- 43.6669 ,- 24.7792 ,- 61.5288 ,- 65.7896 ,- 65.2307 ,- 66.1118 ,- 67.8148 ,- 64.2181 ,- 72.5162 ,- 72.0362 ,- 70.2083 ,- 64.2641 ,- 63.9255 ,- 56.2685 ,- 47.6910 ,- 40.5666 ,- 36.7989 , 21.6789 ,
03-13-2020 ,12:23:08 ,       9750.032, 250  ,            10  , 32  , 111  , 19.2789 ,- 41.7896 ,- 74.7880 ,- 58.4219 ,- 46.9611 ,- 71.8061 ,- 73.4039 ,- 74.3573 ,- 74.0483 ,- 73.0620 ,- 70.5896 ,- 65.4346 ,- 61.5617 ,- 50.2685 ,- 43.8543 ,- 31.9102 ,- 67.9036 ,- 69.5935 ,- 67.5715 ,- 67.4269 ,- 68.4789 ,- 64.2181 ,- 72.1184 ,- 71.8422 ,- 69.5310 ,- 63.5967 ,- 64.6751 ,- 57.2482 ,- 47.5989 ,- 41.0630 ,- 36.9995 , 20.5282 ,
03-13-2020 ,12:23:08 ,       9750.494, 250  ,            10  , 32  , 111  , 18.2893 ,- 42.7397 ,- 75.3107 ,- 58.3266 ,- 46.8625 ,- 71.4115 ,- 73.0094 ,- 73.8609 ,- 73.1770 ,- 71.8652 ,- 70.1852 ,- 64.8428 ,- 60.5655 ,- 50.1699 ,- 43.9496 ,- 30.9337 ,- 66.9239 ,- 68.9261 ,- 67.1803 ,- 67.4269 ,- 68.6663 ,- 64.3167 ,- 72.5162 ,- 71.8422 ,- 70.3069 ,- 63.9781 ,- 64.1129 ,- 56.2685 ,- 47.7830 ,- 40.7639 ,- 37.4926 , 20.3343 ,
03-13-2020 ,12:23:09 ,       9750.99, 250  ,             10  , 32  , 111  , 13.6406 ,- 44.3540 ,- 75.5211 ,- 58.2313 ,- 46.7639 ,- 71.9047 ,- 73.7984 ,- 74.6565 ,- 74.1469 ,- 73.0620 ,- 71.0894 ,- 65.7304 ,- 60.5655 ,- 51.0608 ,- 44.1403 ,- 31.1277 ,- 66.0395 ,- 68.7387 ,- 67.1803 ,- 67.7754 ,- 68.9524 ,- 64.9052 ,- 72.6148 ,- 72.1315 ,- 69.9189 ,- 63.7874 ,- 64.8625 ,- 56.4658 ,- 47.0532 ,- 40.6652 ,- 37.5945 , 21.6789 ,
03-13-2020 ,12:23:09 ,       9751.528, 250  ,            10  , 32  , 111  , 20.3638 ,- 41.1255 ,- 75.3107 ,- 58.6159 ,- 47.6548 ,- 72.7924 ,- 74.9820 ,- 75.8499 ,- 75.3074 ,- 74.1568 ,- 71.7929 ,- 66.7200 ,- 62.7518 ,- 51.1628 ,- 44.9951 ,- 32.4000 ,- 69.0806 ,- 70.8296 ,- 68.5447 ,- 68.8274 ,- 69.9913 ,- 65.5924 ,- 73.6077 ,- 73.2921 ,- 71.1781 ,- 65.1189 ,- 65.1452 ,- 58.0274 ,- 48.3288 ,- 40.7639 ,- 37.3940 , 21.5803 ,
03-13-2020 ,12:23:10 ,       9751.99, 250  ,             10  , 32  , 111  , 21.1562 ,- 39.5080 ,- 73.2231 ,- 57.4587 ,- 46.8625 ,- 72.3946 ,- 74.4888 ,- 75.7513 ,- 75.3074 ,- 74.2587 ,- 71.9902 ,- 66.3255 ,- 61.7589 ,- 51.6559 ,- 44.6170 ,- 33.4751 ,- 69.6724 ,- 71.1124 ,- 68.8373 ,- 68.2159 ,- 69.1398 ,- 64.8066 ,- 72.7135 ,- 72.0362 ,- 70.0176 ,- 63.9781 ,- 64.7704 ,- 56.4658 ,- 46.9644 ,- 40.4680 ,- 37.0981 , 22.5403 ,
03-13-2020 ,12:23:10 ,       9752.51, 250  ,             10  , 32  , 111  , 16.5107 ,- 41.5036 ,- 74.4757 ,- 58.4219 ,- 47.6548 ,- 72.4965 ,- 74.4888 ,- 75.2548 ,- 74.9195 ,- 73.4598 ,- 71.6910 ,- 66.2269 ,- 61.4598 ,- 52.2477 ,- 45.7578 ,- 33.4751 ,- 68.7880 ,- 70.4483 ,- 68.5447 ,- 68.6532 ,- 69.6132 ,- 65.2011 ,- 73.7096 ,- 72.9074 ,- 70.7902 ,- 65.2143 ,- 65.0499 ,- 56.7584 ,- 48.0559 ,- 41.0630 ,- 37.5945 , 21.1036 ,
03-13-2020 ,12:23:11 ,       9753.004, 250  ,            10  , 32  , 111  , 19.8707 ,- 44.2587 ,- 77.3984 ,- 60.0592 ,- 47.7534 ,- 73.6768 ,- 75.1792 ,- 75.9485 ,- 75.2088 ,- 74.0581 ,- 71.6910 ,- 66.7200 ,- 63.2483 ,- 51.0608 ,- 44.0450 ,- 28.8822 ,- 65.3524 ,- 68.1666 ,- 66.5951 ,- 67.0751 ,- 68.5710 ,- 64.8066 ,- 73.1113 ,- 72.1315 ,- 70.5009 ,- 64.4548 ,- 64.7704 ,- 57.5409 ,- 47.9639 ,- 41.2603 ,- 37.5945 , 21.3896 ,
03-13-2020 ,12:23:11 ,       9753.53, 250  ,             10  , 32  , 111  , 18.2893 ,- 49.1967 ,- 83.0368 ,- 62.3704 ,- 48.8417 ,- 74.0713 ,- 75.8696 ,- 76.1491 ,- 75.2088 ,- 73.8609 ,- 71.4904 ,- 66.7200 ,- 61.3611 ,- 50.5677 ,- 44.4263 ,- 25.4630 ,- 62.7025 ,- 66.7398 ,- 66.0099 ,- 67.2494 ,- 68.9524 ,- 64.8066 ,- 73.4105 ,- 73.3907 ,- 71.0795 ,- 65.6877 ,- 65.7074 ,- 58.2247 ,- 49.3282 ,- 42.6510 ,- 38.1863 , 21.5803 ,
03-13-2020 ,12:23:12 ,       9754.001, 250  ,            10  , 32  , 111  , 16.9052 ,- 49.6735 ,- 82.3069 ,- 62.2718 ,- 48.7430 ,- 74.4658 ,- 75.3765 ,- 76.1491 ,- 75.4028 ,- 74.1568 ,- 72.0921 ,- 66.4241 ,- 61.3611 ,- 51.3600 ,- 44.1403 ,- 23.7041 ,- 60.2532 ,- 64.6488 ,- 64.2576 ,- 65.7633 ,- 67.7228 ,- 64.2181 ,- 72.8154 ,- 72.0362 ,- 70.6948 ,- 64.2641 ,- 65.0499 ,- 56.6598 ,- 47.8718 ,- 41.1617 ,- 37.6932 , 21.9649 ,
03-13-2020 ,12:23:12 ,       9754.518, 250  ,            10  , 32  , 111  , 20.4658 ,- 43.2132 ,- 76.9809 ,- 59.6746 ,- 47.7534 ,- 72.6937 ,- 74.4888 ,- 75.3535 ,- 74.4362 ,- 73.0620 ,- 70.7869 ,- 65.4346 ,- 61.7589 ,- 50.1699 ,- 44.1403 ,- 30.8351 ,- 66.8252 ,- 69.0214 ,- 67.3743 ,- 67.7754 ,- 69.0444 ,- 64.6094 ,- 73.0126 ,- 72.7135 ,- 70.2083 ,- 64.5502 ,- 64.9578 ,- 58.5173 ,- 48.3288 ,- 40.9644 ,- 37.4926 , 21.3896 ,
03-13-2020 ,12:23:13 ,       9755.032, 250  ,            10  , 32  , 111  , 18.6838 ,- 42.2630 ,- 74.1633 ,- 57.6526 ,- 46.1688 ,- 71.2143 ,- 72.7102 ,- 73.9595 ,- 73.6603 ,- 72.6609 ,- 70.6883 ,- 65.6318 ,- 61.0620 ,- 51.1628 ,- 44.5217 ,- 33.3765 ,- 69.5737 ,- 71.0170 ,- 68.5447 ,- 68.3902 ,- 69.4225 ,- 65.3984 ,- 73.3118 ,- 72.6181 ,- 70.8888 ,- 64.3562 ,- 64.4877 ,- 56.2685 ,- 46.8724 ,- 40.0702 ,- 36.6017 , 20.5282 ,
03-13-2020 ,12:23:13 ,       9755.499, 250  ,            10  , 32  , 111  , 17.3984 ,- 45.6855 ,- 78.6510 ,- 60.4439 ,- 48.0493 ,- 73.1869 ,- 74.6861 ,- 75.0543 ,- 74.2422 ,- 73.2592 ,- 71.0894 ,- 66.4241 ,- 62.2554 ,- 50.8636 ,- 44.9951 ,- 28.1984 ,- 64.4713 ,- 67.6899 ,- 66.4998 ,- 67.2494 ,- 68.7617 ,- 64.7080 ,- 72.9140 ,- 72.9074 ,- 70.5962 ,- 65.0236 ,- 65.3326 ,- 58.8099 ,- 48.3288 ,- 41.2603 ,- 38.3869 , 19.9529 ,
03-13-2020 ,12:23:14 ,       9756.034, 250  ,            10  , 32  , 111  , 14.1370 ,- 42.0723 ,- 73.2231 ,- 57.0773 ,- 46.5633 ,- 72.2006 ,- 74.2915 ,- 75.2548 ,- 74.8242 ,- 73.8609 ,- 72.0921 ,- 66.9173 ,- 61.7589 ,- 52.0504 ,- 45.3765 ,- 33.2778 ,- 67.9036 ,- 69.8762 ,- 68.3507 ,- 68.2159 ,- 69.8006 ,- 65.2965 ,- 73.2099 ,- 72.4241 ,- 70.9841 ,- 64.4548 ,- 64.7704 ,- 56.0746 ,- 47.7830 ,- 40.8658 ,- 37.7918 , 20.4329 ,
03-13-2020 ,12:23:14 ,       9756.504, 250  ,            10  , 32  , 111  , 19.6734 ,- 44.8307 ,- 78.5491 ,- 60.3485 ,- 47.9507 ,- 72.5951 ,- 74.4888 ,- 75.1529 ,- 74.6302 ,- 73.1606 ,- 71.2899 ,- 65.8291 ,- 61.4598 ,- 50.1699 ,- 43.4762 ,- 27.1233 ,- 63.3896 ,- 66.8351 ,- 65.6220 ,- 66.7233 ,- 68.1962 ,- 64.5140 ,- 72.4143 ,- 72.3288 ,- 70.1129 ,- 64.5502 ,- 65.3326 ,- 58.0274 ,- 49.5091 ,- 41.8554 ,- 37.2954 , 22.1556 ,
03-13-2020 ,12:23:15 ,       9757.003, 250  ,            10  , 32  , 111  , 16.7080 ,- 44.0680 ,- 77.2932 ,- 59.6746 ,- 47.8521 ,- 72.7924 ,- 74.3902 ,- 75.2548 ,- 74.8242 ,- 73.6603 ,- 71.6910 ,- 66.4241 ,- 62.3540 ,- 51.4587 ,- 44.2356 ,- 29.1748 ,- 64.0767 ,- 67.1211 ,- 66.2072 ,- 66.9896 ,- 68.2883 ,- 64.0209 ,- 72.4143 ,- 71.7469 ,- 70.1129 ,- 63.9781 ,- 64.2050 ,- 56.7584 ,- 47.6910 ,- 41.0630 ,- 37.3940 , 21.5803 ,
03-13-2020 ,12:23:15 ,       9757.578, 250  ,            10  , 32  , 111  , 15.1233 ,- 41.2208 ,- 73.5354 ,- 58.1326 ,- 47.3556 ,- 72.9863 ,- 74.6861 ,- 75.6526 ,- 75.4028 ,- 74.1568 ,- 72.0921 ,- 66.5228 ,- 61.8576 ,- 51.7545 ,- 45.1858 ,- 33.7677 ,- 67.9036 ,- 69.3074 ,- 67.4729 ,- 67.4269 ,- 68.7617 ,- 64.4154 ,- 72.3157 ,- 71.9409 ,- 70.0176 ,- 64.3562 ,- 65.2373 ,- 57.6362 ,- 48.6904 ,- 41.7567 ,- 37.5945 , 20.2389 ,
03-13-2020 ,12:23:16 ,       9758.099, 250  ,            10  , 32  , 111  , 20.5644 ,- 41.2208 ,- 75.3107 ,- 58.5206 ,- 47.1584 ,- 72.2959 ,- 73.8970 ,- 75.0543 ,- 74.5315 ,- 73.3611 ,- 71.3885 ,- 66.0263 ,- 61.8576 ,- 51.2614 ,- 44.2356 ,- 32.6926 ,- 68.5907 ,- 70.9217 ,- 68.8373 ,- 68.8274 ,- 69.6132 ,- 65.3984 ,- 73.7096 ,- 72.9074 ,- 71.2735 ,- 65.0236 ,- 64.8625 ,- 57.5409 ,- 47.6910 ,- 40.8658 ,- 37.4926 , 21.1036 ,
03-13-2020 ,12:23:16 ,       9758.515, 250  ,            10  , 32  , 111  , 17.8948 ,- 47.2998 ,- 80.1140 ,- 61.1178 ,- 47.9507 ,- 73.2855 ,- 74.4888 ,- 75.2548 ,- 73.9496 ,- 73.0620 ,- 70.4877 ,- 65.5332 ,- 60.7628 ,- 49.7754 ,- 42.8088 ,- 24.7792 ,- 61.0356 ,- 64.8395 ,- 64.3562 ,- 65.5858 ,- 67.4368 ,- 63.8269 ,- 72.2170 ,- 71.9409 ,- 69.8203 ,- 64.2641 ,- 65.4247 ,- 57.4422 ,- 48.4176 ,- 41.5595 ,- 36.7003 , 21.9649 ,
03-13-2020 ,12:23:17 ,       9759.015, 250  ,            10  , 32  , 111  , 17.7962 ,- 45.9682 ,- 78.6510 ,- 59.7699 ,- 46.9611 ,- 71.8061 ,- 73.1080 ,- 74.0614 ,- 73.2724 ,- 72.2631 ,- 70.0866 ,- 64.9414 ,- 59.7699 ,- 50.1699 ,- 43.3808 ,- 25.5617 ,- 61.3315 ,- 64.7441 ,- 64.1589 ,- 64.8855 ,- 66.7759 ,- 63.0411 ,- 71.2209 ,- 70.6817 ,- 68.9491 ,- 63.1233 ,- 62.8899 ,- 54.9995 ,- 47.0532 ,- 40.3693 ,- 36.7003 , 21.3896 ,
03-13-2020 ,12:23:17 ,       9759.537, 250  ,            10  , 32  , 111  , 15.8170 ,- 44.6400 ,- 75.8335 ,- 57.9419 ,- 46.2674 ,- 70.5239 ,- 71.9211 ,- 72.5655 ,- 71.9178 ,- 71.0663 ,- 68.8833 ,- 63.8565 ,- 59.1748 ,- 49.4795 ,- 42.7134 ,- 26.9293 ,- 61.4269 ,- 64.7441 ,- 64.2576 ,- 65.0598 ,- 66.5885 ,- 62.9425 ,- 70.9250 ,- 70.7803 ,- 68.5611 ,- 62.9326 ,- 64.2050 ,- 56.5644 ,- 47.2340 ,- 40.1688 ,- 36.4044 , 21.8696 ,
03-13-2020 ,12:23:18 ,       9760.02, 250  ,             10  , 32  , 111  , 19.3775 ,- 39.8893 ,- 72.4932 ,- 56.4033 ,- 45.5737 ,- 69.9321 ,- 71.9211 ,- 72.8680 ,- 72.0132 ,- 71.1650 ,- 69.2844 ,- 63.9551 ,- 59.7699 ,- 49.4795 ,- 43.2855 ,- 31.0323 ,- 65.8455 ,- 67.5978 ,- 65.7206 ,- 65.8488 ,- 67.0620 ,- 62.9425 ,- 70.7244 ,- 70.1984 ,- 68.3704 ,- 62.6499 ,- 62.4198 ,- 55.2921 ,- 46.4187 ,- 39.3765 ,- 36.8976 , 20.4329 ,
03-13-2020 ,12:23:18 ,       9760.535, 250  ,            10  , 32  , 111  , 17.9934 ,- 43.6899 ,- 75.9387 ,- 57.9419 ,- 46.2674 ,- 70.7211 ,- 72.3157 ,- 73.0652 ,- 72.4998 ,- 71.0663 ,- 69.3863 ,- 64.1491 ,- 58.8756 ,- 49.3808 ,- 42.8088 ,- 30.8351 ,- 66.5294 ,- 68.3573 ,- 66.4011 ,- 66.3748 ,- 67.5321 ,- 63.3337 ,- 70.9250 ,- 70.4910 ,- 68.4658 ,- 62.4592 ,- 63.5474 ,- 55.0981 ,- 46.0537 ,- 40.2707 ,- 36.5030 , 21.9649 ,
03-13-2020 ,12:23:19 ,       9761.058, 250  ,            10  , 32  , 111  , 18.4866 ,- 42.3584 ,- 75.5211 ,- 58.8066 ,- 46.8625 ,- 71.2143 ,- 73.0094 ,- 73.8609 ,- 72.6905 ,- 71.7633 ,- 69.6855 ,- 64.5469 ,- 60.6641 ,- 50.5677 ,- 43.5682 ,- 30.4439 ,- 65.1584 ,- 67.3118 ,- 65.8159 ,- 65.9376 ,- 67.2494 ,- 63.2351 ,- 70.7244 ,- 70.4910 ,- 68.3704 ,- 62.7452 ,- 62.7978 ,- 55.6833 ,- 46.8724 ,- 39.7743 ,- 36.9995 , 20.6236 ,
03-13-2020 ,12:23:19 ,       9761.564, 250  ,            10  , 32  , 111  , 18.4866 ,- 44.7321 ,- 77.5036 ,- 59.3852 ,- 47.3556 ,- 72.2006 ,- 73.4992 ,- 74.1600 ,- 73.4663 ,- 72.2631 ,- 70.2872 ,- 65.3359 ,- 60.8647 ,- 49.7754 ,- 43.1902 ,- 28.2970 ,- 64.3726 ,- 67.3118 ,- 66.0099 ,- 66.8121 ,- 68.0055 ,- 64.2181 ,- 72.0165 ,- 71.4576 ,- 69.6296 ,- 63.4093 ,- 64.3003 ,- 56.4658 ,- 46.8724 ,- 40.7639 ,- 36.7989 , 20.4329 ,
03-13-2020 ,12:23:20 ,       9762.411, 250  ,            10  , 32  , 111  , 18.7825 ,- 42.5491 ,- 75.5211 ,- 58.6159 ,- 46.9611 ,- 71.4115 ,- 73.4992 ,- 74.2587 ,- 73.6603 ,- 72.1644 ,- 70.2872 ,- 65.0400 ,- 61.2625 ,- 50.1699 ,- 43.7622 ,- 29.1748 ,- 64.4713 ,- 67.2165 ,- 65.9146 ,- 66.6378 ,- 68.1009 ,- 63.9222 ,- 72.0165 ,- 71.7469 ,- 69.8203 ,- 64.2641 ,- 64.2050 ,- 56.6598 ,- 47.5989 ,- 40.5666 ,- 37.1967 , 21.3896 ,
03-13-2020 ,12:23:20 ,       9762.528, 250  ,            10  , 32  , 111  , 19.5748 ,- 44.3540 ,- 76.6685 ,- 58.8066 ,- 46.4647 ,- 71.4115 ,- 72.8088 ,- 73.5617 ,- 73.0784 ,- 71.9639 ,- 69.9880 ,- 64.7441 ,- 60.0691 ,- 49.3808 ,- 43.0948 ,- 26.7321 ,- 62.8998 ,- 66.5491 ,- 65.4247 ,- 66.2006 ,- 67.7228 ,- 64.0209 ,- 72.2170 ,- 71.1650 ,- 69.6296 ,- 63.3140 ,- 64.4877 ,- 55.8806 ,- 46.8724 ,- 40.6652 ,- 36.7003 , 21.2943 ,
03-13-2020 ,12:23:21 ,       9763.06, 250  ,             10  , 32  , 111  , 19.3775 ,- 44.1633 ,- 76.4614 ,- 58.6159 ,- 46.6619 ,- 71.0170 ,- 73.2066 ,- 73.7622 ,- 73.0784 ,- 71.8652 ,- 69.8861 ,- 64.6455 ,- 60.2696 ,- 49.7754 ,- 43.6669 ,- 28.0011 ,- 64.7672 ,- 67.6899 ,- 66.2072 ,- 66.8121 ,- 68.0055 ,- 63.7283 ,- 71.5200 ,- 71.3589 ,- 69.0477 ,- 63.5047 ,- 63.6428 ,- 56.4658 ,- 46.5074 ,- 39.7743 ,- 36.8976 , 20.0482 ,
03-13-2020 ,12:23:21 ,       9763.538, 250  ,            10  , 32  , 111  , 20.8603 ,- 39.5080 ,- 73.1178 ,- 57.4587 ,- 46.4647 ,- 71.4115 ,- 73.2066 ,- 74.3573 ,- 73.7589 ,- 72.3617 ,- 70.5896 ,- 65.2373 ,- 61.1639 ,- 49.6767 ,- 43.7622 ,- 33.7677 ,- 70.3562 ,- 71.1124 ,- 68.6400 ,- 67.8641 ,- 68.7617 ,- 64.5140 ,- 72.4143 ,- 71.0696 ,- 69.4357 ,- 63.0280 ,- 63.7348 ,- 55.7819 ,- 46.7803 ,- 40.3693 ,- 36.6017 , 20.8143 ,
03-13-2020 ,12:23:22 ,       9764.06, 250  ,             10  , 32  , 111  , 20.4658 ,- 39.1299 ,- 72.8055 ,- 57.4587 ,- 46.3661 ,- 71.0170 ,- 73.0094 ,- 73.8609 ,- 73.0784 ,- 72.1644 ,- 69.9880 ,- 64.4483 ,- 59.8718 ,- 50.0713 ,- 43.6669 ,- 32.8866 ,- 68.1995 ,- 69.2121 ,- 67.0817 ,- 66.8121 ,- 67.9102 ,- 63.4324 ,- 71.2209 ,- 71.1650 ,- 68.9491 ,- 63.5967 ,- 64.0176 ,- 56.2685 ,- 47.5102 ,- 40.5666 ,- 36.7989 , 20.6236 ,
03-13-2020 ,12:23:22 ,       9764.564, 250  ,            10  , 32  , 111  , 20.6630 ,- 37.2296 ,- 69.4652 ,- 54.7661 ,- 45.1792 ,- 69.2417 ,- 71.0335 ,- 72.4669 ,- 72.0132 ,- 71.0663 ,- 68.8833 ,- 63.8565 ,- 60.1677 ,- 49.9726 ,- 43.6669 ,- 34.5469 ,- 70.4548 ,- 71.3031 ,- 68.8373 ,- 68.1272 ,- 68.7617 ,- 64.4154 ,- 72.2170 ,- 70.6817 ,- 69.1431 ,- 62.6499 ,- 63.3600 ,- 54.7069 ,- 45.6888 ,- 38.9787 ,- 36.4044 , 21.6789 ,
03-13-2020 ,12:23:23 ,       9765.077, 250  ,            10  , 32  , 111  , 19.7721 ,- 39.1299 ,- 72.1809 ,- 56.4033 ,- 45.6724 ,- 70.0307 ,- 71.8225 ,- 72.7661 ,- 72.1118 ,- 71.3655 ,- 68.9820 ,- 63.3600 ,- 59.6713 ,- 49.3808 ,- 42.9041 ,- 31.7162 ,- 67.1211 ,- 68.8307 ,- 66.7924 ,- 66.9009 ,- 68.0055 ,- 63.6296 ,- 71.3228 ,- 71.1650 ,- 68.6598 ,- 63.2187 ,- 63.6428 ,- 56.9524 ,- 46.5995 ,- 39.3765 ,- 35.9080 , 20.9096 ,
03-13-2020 ,12:23:23 ,       9765.548, 250  ,            10  , 32  , 111  , 17.1025 ,- 46.9184 ,- 78.8614 ,- 59.8652 ,- 46.6619 ,- 71.0170 ,- 72.2170 ,- 72.6674 ,- 72.3058 ,- 71.4641 ,- 69.0839 ,- 63.9551 ,- 58.8756 ,- 49.2822 ,- 42.7134 ,- 24.7792 ,- 60.8384 ,- 64.7441 ,- 64.0603 ,- 64.7113 ,- 66.6806 ,- 63.2351 ,- 71.3228 ,- 70.3924 ,- 69.1431 ,- 62.9326 ,- 63.4554 ,- 54.8022 ,- 47.6910 ,- 40.5666 ,- 35.8093 , 20.7189 ,
03-13-2020 ,12:23:24 ,       9766.061, 250  ,            10  , 32  , 111  , 16.5107 ,- 44.0680 ,- 75.7283 ,- 58.0373 ,- 46.5633 ,- 70.4252 ,- 72.1184 ,- 72.4669 ,- 72.0132 ,- 70.7672 ,- 68.3803 ,- 62.8669 ,- 58.5798 ,- 48.8844 ,- 42.3354 ,- 25.8543 ,- 60.0559 ,- 63.5080 ,- 62.7946 ,- 64.0965 ,- 65.2636 ,- 61.4696 ,- 69.6329 ,- 69.4258 ,- 67.0126 ,- 61.9825 ,- 62.5151 ,- 54.9995 ,- 46.9644 ,- 39.9715 ,- 35.2143 , 21.2943 ,
03-13-2020 ,12:23:24 ,       9766.537, 250  ,            10  , 32  , 111  , 15.5211 ,- 45.9682 ,- 76.6685 ,- 57.9419 ,- 45.8696 ,- 69.5376 ,- 71.2307 ,- 71.8718 ,- 71.3359 ,- 70.3661 ,- 68.6828 ,- 63.4587 ,- 58.5798 ,- 49.0850 ,- 42.9041 ,- 25.2658 ,- 60.4472 ,- 64.1721 ,- 63.3798 ,- 64.1852 ,- 66.1151 ,- 62.1567 ,- 70.0274 ,- 69.2318 ,- 67.6899 ,- 61.3184 ,- 62.0450 ,- 53.8258 ,- 45.8729 ,- 39.4751 ,- 36.4044 , 20.8143 ,
03-13-2020 ,12:23:25 ,       9767.042, 250  ,            10  , 32  , 111  , 18.3880 ,- 36.4702 ,- 68.4198 ,- 54.1874 ,- 44.4855 ,- 68.7485 ,- 70.7376 ,- 71.8718 ,- 71.0466 ,- 70.1688 ,- 68.0811 ,- 62.7683 ,- 58.7770 ,- 48.1940 ,- 42.7134 ,- 34.4515 ,- 68.4921 ,- 69.0214 ,- 66.8877 ,- 66.6378 ,- 67.1540 ,- 63.1398 ,- 70.7244 ,- 70.1031 ,- 67.8839 ,- 62.2685 ,- 62.8899 ,- 55.5847 ,- 45.8729 ,- 39.2778 ,- 36.0066 , 21.2943 ,
03-13-2020 ,12:23:25 ,       9767.538, 250  ,            10  , 32  , 111  , 17.3984 ,- 38.2751 ,- 70.6126 ,- 55.6307 ,- 45.8696 ,- 70.2280 ,- 72.0198 ,- 73.0652 ,- 72.5951 ,- 71.6647 ,- 69.8861 ,- 64.2510 ,- 59.9704 ,- 50.5677 ,- 43.8543 ,- 34.0603 ,- 68.0022 ,- 69.2121 ,- 67.2789 ,- 66.8121 ,- 68.0055 ,- 63.7283 ,- 71.5200 ,- 70.6817 ,- 68.9491 ,- 62.8373 ,- 63.0773 ,- 54.9995 ,- 46.5074 ,- 39.8729 ,- 36.2039 , 21.6789 ,
03-13-2020 ,12:23:26 ,       9768.061, 250  ,            10  , 32  , 111  , 20.3638 ,- 42.8351 ,- 76.3562 ,- 59.2899 ,- 47.0597 ,- 72.0033 ,- 73.9957 ,- 74.7584 ,- 73.8543 ,- 72.7628 ,- 70.6883 ,- 65.2373 ,- 61.0620 ,- 49.5781 ,- 43.0948 ,- 28.3923 ,- 64.2740 ,- 66.9305 ,- 65.6220 ,- 66.2006 ,- 67.5321 ,- 63.7283 ,- 72.1184 ,- 71.8422 ,- 69.6296 ,- 63.5967 ,- 64.8625 ,- 56.9524 ,- 47.5989 ,- 41.2603 ,- 36.5030 , 20.2389 ,
03-13-2020 ,12:23:26 ,       9768.529, 250  ,            10  , 32  , 111  , 19.0784 ,- 43.3085 ,- 76.0406 ,- 58.6159 ,- 46.9611 ,- 71.7041 ,- 73.0094 ,- 73.5617 ,- 73.0784 ,- 71.9639 ,- 69.8861 ,- 64.7441 ,- 61.3611 ,- 49.5781 ,- 43.4762 ,- 29.6647 ,- 65.2537 ,- 68.0713 ,- 66.6937 ,- 67.1639 ,- 68.3836 ,- 64.7080 ,- 72.5162 ,- 71.8422 ,- 70.1129 ,- 64.2641 ,- 64.2050 ,- 56.5644 ,- 48.6017 ,- 40.4680 ,- 36.6017 , 22.8263 ,
03-13-2020 ,12:23:27 ,       9769.073, 250  ,            10  , 32  , 111  , 20.2652 ,- 39.8893 ,- 73.2231 ,- 57.5573 ,- 46.4647 ,- 71.5102 ,- 73.2066 ,- 74.2587 ,- 73.6603 ,- 72.6609 ,- 70.7869 ,- 65.0400 ,- 60.9633 ,- 50.9622 ,- 43.7622 ,- 31.9102 ,- 67.2165 ,- 68.7387 ,- 66.5951 ,- 66.4636 ,- 67.2494 ,- 63.1398 ,- 71.0236 ,- 70.6817 ,- 67.9825 ,- 62.5546 ,- 63.2647 ,- 56.4658 ,- 45.9617 ,- 39.3765 ,- 36.4044 , 21.1036 ,
03-13-2020 ,12:23:27 ,       9769.539, 250  ,            10  , 32  , 111  , 17.5956 ,- 41.5989 ,- 73.8510 ,- 57.7513 ,- 46.8625 ,- 71.4115 ,- 73.3052 ,- 74.1600 ,- 73.6603 ,- 72.7628 ,- 70.8888 ,- 65.6318 ,- 61.1639 ,- 50.9622 ,- 44.4263 ,- 31.6176 ,- 66.9239 ,- 68.8307 ,- 67.0817 ,- 67.3381 ,- 68.3836 ,- 64.1195 ,- 72.1184 ,- 71.4576 ,- 69.7250 ,- 64.0735 ,- 64.1129 ,- 55.6833 ,- 47.5989 ,- 40.1688 ,- 37.1967 , 20.5282 ,
03-13-2020 ,12:23:28 ,       9770.085, 250  ,            10  , 32  , 111  , 18.6838 ,- 44.5447 ,- 77.6088 ,- 59.6746 ,- 47.3556 ,- 72.3946 ,- 73.9957 ,- 74.7584 ,- 74.0483 ,- 72.9600 ,- 70.5896 ,- 65.4346 ,- 61.0620 ,- 50.2685 ,- 43.1902 ,- 28.4910 ,- 64.3726 ,- 67.4072 ,- 66.0099 ,- 66.4636 ,- 68.1962 ,- 64.2181 ,- 72.5162 ,- 71.8422 ,- 70.2083 ,- 64.2641 ,- 64.9578 ,- 56.8570 ,- 47.7830 ,- 40.8658 ,- 37.1967 , 20.7189 ,
03-13-2020 ,12:23:28 ,       9770.57, 250  ,             10  , 32  , 111  , 20.5644 ,- 42.1677 ,- 75.9387 ,- 59.0959 ,- 47.4543 ,- 72.4965 ,- 74.2915 ,- 75.2548 ,- 74.4362 ,- 73.3611 ,- 71.4904 ,- 66.2269 ,- 61.8576 ,- 51.0608 ,- 44.3310 ,- 31.8115 ,- 68.5907 ,- 70.4483 ,- 68.4461 ,- 68.3902 ,- 69.5178 ,- 65.0039 ,- 73.1113 ,- 72.7135 ,- 70.7902 ,- 64.6422 ,- 64.8625 ,- 56.7584 ,- 47.7830 ,- 40.6652 ,- 37.5945 , 21.3896 ,
03-13-2020 ,12:23:29 ,       9771.044, 250  ,            10  , 32  , 111  , 22.2444 ,- 41.9803 ,- 75.4159 ,- 58.5206 ,- 46.6619 ,- 71.8061 ,- 73.4039 ,- 74.5578 ,- 73.7589 ,- 72.2631 ,- 70.2872 ,- 64.7441 ,- 61.1639 ,- 49.4795 ,- 42.6214 ,- 31.1277 ,- 68.5907 ,- 70.4483 ,- 68.7387 ,- 68.8274 ,- 69.9913 ,- 65.8883 ,- 74.3047 ,- 73.3907 ,- 71.4674 ,- 64.8329 ,- 65.4247 ,- 57.4422 ,- 48.4176 ,- 40.7639 ,- 36.5030 , 20.3343 ,
03-13-2020 ,12:23:29 ,       9771.552, 250  ,            10  , 32  , 111  , 18.8811 ,- 47.7732 ,- 80.8439 ,- 61.1178 ,- 48.0493 ,- 72.3946 ,- 73.3052 ,- 74.3573 ,- 73.1770 ,- 72.1644 ,- 70.1852 ,- 64.6455 ,- 59.9704 ,- 49.9726 ,- 43.7622 ,- 27.0247 ,- 64.0767 ,- 67.3118 ,- 66.5951 ,- 67.4269 ,- 69.1398 ,- 64.8066 ,- 73.1113 ,- 73.1014 ,- 70.9841 ,- 65.4017 ,- 65.6121 ,- 57.8335 ,- 49.3282 ,- 40.9644 ,- 37.3940 , 21.2943 ,
03-13-2020 ,12:23:30 ,       9772.069, 250  ,            10  , 32  , 111  , 18.6838 ,- 46.7310 ,- 80.1140 ,- 60.8285 ,- 47.4543 ,- 72.5951 ,- 74.0943 ,- 74.6565 ,- 73.9496 ,- 72.6609 ,- 70.4877 ,- 66.1250 ,- 61.0620 ,- 49.7754 ,- 43.3808 ,- 27.1233 ,- 64.0767 ,- 67.4072 ,- 66.4011 ,- 66.9896 ,- 68.8570 ,- 64.8066 ,- 73.6077 ,- 72.6181 ,- 71.0795 ,- 64.5502 ,- 65.4247 ,- 57.4422 ,- 48.0559 ,- 41.6581 ,- 37.3940 , 21.3896 ,
03-13-2020 ,12:23:30 ,       9772.562, 250  ,            10  , 32  , 111  , 19.6734 ,- 39.3206 ,- 72.2828 ,- 56.7880 ,- 46.7639 ,- 71.1157 ,- 73.2066 ,- 74.2587 ,- 73.4663 ,- 72.2631 ,- 70.1852 ,- 65.0400 ,- 60.2696 ,- 50.6663 ,- 44.1403 ,- 34.5469 ,- 70.4548 ,- 71.2077 ,- 69.0313 ,- 68.5644 ,- 69.1398 ,- 64.4154 ,- 72.6148 ,- 72.2302 ,- 69.8203 ,- 64.0735 ,- 64.2050 ,- 56.3672 ,- 46.9644 ,- 40.2707 ,- 37.3940 , 20.6236 ,
03-13-2020 ,12:23:31 ,       9773.042, 250  ,            10  , 32  , 111  , 19.3775 ,- 42.1677 ,- 75.6263 ,- 58.7113 ,- 46.8625 ,- 71.9047 ,- 73.2066 ,- 74.2587 ,- 74.0483 ,- 72.5622 ,- 70.3858 ,- 65.1387 ,- 61.7589 ,- 50.1699 ,- 43.3808 ,- 30.0526 ,- 66.1381 ,- 68.8307 ,- 67.0817 ,- 67.5157 ,- 68.5710 ,- 64.6094 ,- 73.1113 ,- 72.0362 ,- 70.6948 ,- 63.9781 ,- 64.6751 ,- 57.1496 ,- 47.6910 ,- 40.9644 ,- 37.2954 , 22.0603 ,
03-13-2020 ,12:23:31 ,       9773.582, 250  ,            10  , 32  , 111  , 19.5748 ,- 42.2630 ,- 75.6263 ,- 59.0959 ,- 47.7534 ,- 73.1869 ,- 75.3765 ,- 76.0505 ,- 75.6954 ,- 74.3573 ,- 72.2926 ,- 66.7200 ,- 62.0548 ,- 51.7545 ,- 45.2811 ,- 31.1277 ,- 67.0225 ,- 68.8307 ,- 67.4729 ,- 67.5157 ,- 68.7617 ,- 64.8066 ,- 73.0126 ,- 72.6181 ,- 70.5962 ,- 64.9283 ,- 65.2373 ,- 57.4422 ,- 49.0554 ,- 41.4576 ,- 37.7918 , 19.2822 ,
03-13-2020 ,12:23:32 ,       9774.052, 250  ,            10  , 32  , 111  , 18.9797 ,- 45.1134 ,- 78.4439 ,- 60.5392 ,- 48.1480 ,- 73.5781 ,- 75.1792 ,- 76.1491 ,- 75.5968 ,- 74.2587 ,- 72.2926 ,- 66.6214 ,- 62.2554 ,- 51.2614 ,- 44.2356 ,- 27.2219 ,- 64.0767 ,- 67.6899 ,- 67.0817 ,- 67.6011 ,- 69.3272 ,- 65.3984 ,- 74.3047 ,- 73.1968 ,- 71.7600 ,- 65.4017 ,- 66.0822 ,- 57.9321 ,- 48.9633 ,- 41.6581 ,- 37.3940 , 20.5282 ,
